date_key,date,year,month_number,month_name,month_short,year_month,quarter,year_quarter,day_of_month,day_name,day_of_week,is_weekend,fiscal_year,fiscal_quarter,fiscal_month_number
20240101,2024-01-01,2024,1,January,Jan,2024-01,Q1,2024-Q1,1,Monday,1,0,FY2023-24,FQ4,10
20240102,2024-01-02,2024,1,January,Jan,2024-01,Q1,2024-Q1,2,Tuesday,2,0,FY2023-24,FQ4,10
20240103,2024-01-03,2024,1,January,Jan,2024-01,Q1,2024-Q1,3,Wednesday,3,0,FY2023-24,FQ4,10
20240104,2024-01-04,2024,1,January,Jan,2024-01,Q1,2024-Q1,4,Thursday,4,0,FY2023-24,FQ4,10
20240105,2024-01-05,2024,1,January,Jan,2024-01,Q1,2024-Q1,5,Friday,5,0,FY2023-24,FQ4,10
20240106,2024-01-06,2024,1,January,Jan,2024-01,Q1,2024-Q1,6,Saturday,6,1,FY2023-24,FQ4,10
20240107,2024-01-07,2024,1,January,Jan,2024-01,Q1,2024-Q1,7,Sunday,7,1,FY2023-24,FQ4,10
20240108,2024-01-08,2024,1,January,Jan,2024-01,Q1,2024-Q1,8,Monday,1,0,FY2023-24,FQ4,10
20240109,2024-01-09,2024,1,January,Jan,2024-01,Q1,2024-Q1,9,Tuesday,2,0,FY2023-24,FQ4,10
20240110,2024-01-10,2024,1,January,Jan,2024-01,Q1,2024-Q1,10,Wednesday,3,0,FY2023-24,FQ4,10
20240111,2024-01-11,2024,1,January,Jan,2024-01,Q1,2024-Q1,11,Thursday,4,0,FY2023-24,FQ4,10
20240112,2024-01-12,2024,1,January,Jan,2024-01,Q1,2024-Q1,12,Friday,5,0,FY2023-24,FQ4,10
20240113,2024-01-13,2024,1,January,Jan,2024-01,Q1,2024-Q1,13,Saturday,6,1,FY2023-24,FQ4,10
20240114,2024-01-14,2024,1,January,Jan,2024-01,Q1,2024-Q1,14,Sunday,7,1,FY2023-24,FQ4,10
20240115,2024-01-15,2024,1,January,Jan,2024-01,Q1,2024-Q1,15,Monday,1,0,FY2023-24,FQ4,10
20240116,2024-01-16,2024,1,January,Jan,2024-01,Q1,2024-Q1,16,Tuesday,2,0,FY2023-24,FQ4,10
20240117,2024-01-17,2024,1,January,Jan,2024-01,Q1,2024-Q1,17,Wednesday,3,0,FY2023-24,FQ4,10
20240118,2024-01-18,2024,1,January,Jan,2024-01,Q1,2024-Q1,18,Thursday,4,0,FY2023-24,FQ4,10
20240119,2024-01-19,2024,1,January,Jan,2024-01,Q1,2024-Q1,19,Friday,5,0,FY2023-24,FQ4,10
20240120,2024-01-20,2024,1,January,Jan,2024-01,Q1,2024-Q1,20,Saturday,6,1,FY2023-24,FQ4,10
20240121,2024-01-21,2024,1,January,Jan,2024-01,Q1,2024-Q1,21,Sunday,7,1,FY2023-24,FQ4,10
20240122,2024-01-22,2024,1,January,Jan,2024-01,Q1,2024-Q1,22,Monday,1,0,FY2023-24,FQ4,10
20240123,2024-01-23,2024,1,January,Jan,2024-01,Q1,2024-Q1,23,Tuesday,2,0,FY2023-24,FQ4,10
20240124,2024-01-24,2024,1,January,Jan,2024-01,Q1,2024-Q1,24,Wednesday,3,0,FY2023-24,FQ4,10
20240125,2024-01-25,2024,1,January,Jan,2024-01,Q1,2024-Q1,25,Thursday,4,0,FY2023-24,FQ4,10
20240126,2024-01-26,2024,1,January,Jan,2024-01,Q1,2024-Q1,26,Friday,5,0,FY2023-24,FQ4,10
20240127,2024-01-27,2024,1,January,Jan,2024-01,Q1,2024-Q1,27,Saturday,6,1,FY2023-24,FQ4,10
20240128,2024-01-28,2024,1,January,Jan,2024-01,Q1,2024-Q1,28,Sunday,7,1,FY2023-24,FQ4,10
20240129,2024-01-29,2024,1,January,Jan,2024-01,Q1,2024-Q1,29,Monday,1,0,FY2023-24,FQ4,10
20240130,2024-01-30,2024,1,January,Jan,2024-01,Q1,2024-Q1,30,Tuesday,2,0,FY2023-24,FQ4,10
20240131,2024-01-31,2024,1,January,Jan,2024-01,Q1,2024-Q1,31,Wednesday,3,0,FY2023-24,FQ4,10
20240201,2024-02-01,2024,2,February,Feb,2024-02,Q1,2024-Q1,1,Thursday,4,0,FY2023-24,FQ4,11
20240202,2024-02-02,2024,2,February,Feb,2024-02,Q1,2024-Q1,2,Friday,5,0,FY2023-24,FQ4,11
20240203,2024-02-03,2024,2,February,Feb,2024-02,Q1,2024-Q1,3,Saturday,6,1,FY2023-24,FQ4,11
20240204,2024-02-04,2024,2,February,Feb,2024-02,Q1,2024-Q1,4,Sunday,7,1,FY2023-24,FQ4,11
20240205,2024-02-05,2024,2,February,Feb,2024-02,Q1,2024-Q1,5,Monday,1,0,FY2023-24,FQ4,11
20240206,2024-02-06,2024,2,February,Feb,2024-02,Q1,2024-Q1,6,Tuesday,2,0,FY2023-24,FQ4,11
20240207,2024-02-07,2024,2,February,Feb,2024-02,Q1,2024-Q1,7,Wednesday,3,0,FY2023-24,FQ4,11
20240208,2024-02-08,2024,2,February,Feb,2024-02,Q1,2024-Q1,8,Thursday,4,0,FY2023-24,FQ4,11
20240209,2024-02-09,2024,2,February,Feb,2024-02,Q1,2024-Q1,9,Friday,5,0,FY2023-24,FQ4,11
20240210,2024-02-10,2024,2,February,Feb,2024-02,Q1,2024-Q1,10,Saturday,6,1,FY2023-24,FQ4,11
20240211,2024-02-11,2024,2,February,Feb,2024-02,Q1,2024-Q1,11,Sunday,7,1,FY2023-24,FQ4,11
20240212,2024-02-12,2024,2,February,Feb,2024-02,Q1,2024-Q1,12,Monday,1,0,FY2023-24,FQ4,11
20240213,2024-02-13,2024,2,February,Feb,2024-02,Q1,2024-Q1,13,Tuesday,2,0,FY2023-24,FQ4,11
20240214,2024-02-14,2024,2,February,Feb,2024-02,Q1,2024-Q1,14,Wednesday,3,0,FY2023-24,FQ4,11
20240215,2024-02-15,2024,2,February,Feb,2024-02,Q1,2024-Q1,15,Thursday,4,0,FY2023-24,FQ4,11
20240216,2024-02-16,2024,2,February,Feb,2024-02,Q1,2024-Q1,16,Friday,5,0,FY2023-24,FQ4,11
20240217,2024-02-17,2024,2,February,Feb,2024-02,Q1,2024-Q1,17,Saturday,6,1,FY2023-24,FQ4,11
20240218,2024-02-18,2024,2,February,Feb,2024-02,Q1,2024-Q1,18,Sunday,7,1,FY2023-24,FQ4,11
20240219,2024-02-19,2024,2,February,Feb,2024-02,Q1,2024-Q1,19,Monday,1,0,FY2023-24,FQ4,11
20240220,2024-02-20,2024,2,February,Feb,2024-02,Q1,2024-Q1,20,Tuesday,2,0,FY2023-24,FQ4,11
20240221,2024-02-21,2024,2,February,Feb,2024-02,Q1,2024-Q1,21,Wednesday,3,0,FY2023-24,FQ4,11
20240222,2024-02-22,2024,2,February,Feb,2024-02,Q1,2024-Q1,22,Thursday,4,0,FY2023-24,FQ4,11
20240223,2024-02-23,2024,2,February,Feb,2024-02,Q1,2024-Q1,23,Friday,5,0,FY2023-24,FQ4,11
20240224,2024-02-24,2024,2,February,Feb,2024-02,Q1,2024-Q1,24,Saturday,6,1,FY2023-24,FQ4,11
20240225,2024-02-25,2024,2,February,Feb,2024-02,Q1,2024-Q1,25,Sunday,7,1,FY2023-24,FQ4,11
20240226,2024-02-26,2024,2,February,Feb,2024-02,Q1,2024-Q1,26,Monday,1,0,FY2023-24,FQ4,11
20240227,2024-02-27,2024,2,February,Feb,2024-02,Q1,2024-Q1,27,Tuesday,2,0,FY2023-24,FQ4,11
20240228,2024-02-28,2024,2,February,Feb,2024-02,Q1,2024-Q1,28,Wednesday,3,0,FY2023-24,FQ4,11
20240229,2024-02-29,2024,2,February,Feb,2024-02,Q1,2024-Q1,29,Thursday,4,0,FY2023-24,FQ4,11
20240301,2024-03-01,2024,3,March,Mar,2024-03,Q1,2024-Q1,1,Friday,5,0,FY2023-24,FQ4,12
20240302,2024-03-02,2024,3,March,Mar,2024-03,Q1,2024-Q1,2,Saturday,6,1,FY2023-24,FQ4,12
20240303,2024-03-03,2024,3,March,Mar,2024-03,Q1,2024-Q1,3,Sunday,7,1,FY2023-24,FQ4,12
20240304,2024-03-04,2024,3,March,Mar,2024-03,Q1,2024-Q1,4,Monday,1,0,FY2023-24,FQ4,12
20240305,2024-03-05,2024,3,March,Mar,2024-03,Q1,2024-Q1,5,Tuesday,2,0,FY2023-24,FQ4,12
20240306,2024-03-06,2024,3,March,Mar,2024-03,Q1,2024-Q1,6,Wednesday,3,0,FY2023-24,FQ4,12
20240307,2024-03-07,2024,3,March,Mar,2024-03,Q1,2024-Q1,7,Thursday,4,0,FY2023-24,FQ4,12
20240308,2024-03-08,2024,3,March,Mar,2024-03,Q1,2024-Q1,8,Friday,5,0,FY2023-24,FQ4,12
20240309,2024-03-09,2024,3,March,Mar,2024-03,Q1,2024-Q1,9,Saturday,6,1,FY2023-24,FQ4,12
20240310,2024-03-10,2024,3,March,Mar,2024-03,Q1,2024-Q1,10,Sunday,7,1,FY2023-24,FQ4,12
20240311,2024-03-11,2024,3,March,Mar,2024-03,Q1,2024-Q1,11,Monday,1,0,FY2023-24,FQ4,12
20240312,2024-03-12,2024,3,March,Mar,2024-03,Q1,2024-Q1,12,Tuesday,2,0,FY2023-24,FQ4,12
20240313,2024-03-13,2024,3,March,Mar,2024-03,Q1,2024-Q1,13,Wednesday,3,0,FY2023-24,FQ4,12
20240314,2024-03-14,2024,3,March,Mar,2024-03,Q1,2024-Q1,14,Thursday,4,0,FY2023-24,FQ4,12
20240315,2024-03-15,2024,3,March,Mar,2024-03,Q1,2024-Q1,15,Friday,5,0,FY2023-24,FQ4,12
20240316,2024-03-16,2024,3,March,Mar,2024-03,Q1,2024-Q1,16,Saturday,6,1,FY2023-24,FQ4,12
20240317,2024-03-17,2024,3,March,Mar,2024-03,Q1,2024-Q1,17,Sunday,7,1,FY2023-24,FQ4,12
20240318,2024-03-18,2024,3,March,Mar,2024-03,Q1,2024-Q1,18,Monday,1,0,FY2023-24,FQ4,12
20240319,2024-03-19,2024,3,March,Mar,2024-03,Q1,2024-Q1,19,Tuesday,2,0,FY2023-24,FQ4,12
20240320,2024-03-20,2024,3,March,Mar,2024-03,Q1,2024-Q1,20,Wednesday,3,0,FY2023-24,FQ4,12
20240321,2024-03-21,2024,3,March,Mar,2024-03,Q1,2024-Q1,21,Thursday,4,0,FY2023-24,FQ4,12
20240322,2024-03-22,2024,3,March,Mar,2024-03,Q1,2024-Q1,22,Friday,5,0,FY2023-24,FQ4,12
20240323,2024-03-23,2024,3,March,Mar,2024-03,Q1,2024-Q1,23,Saturday,6,1,FY2023-24,FQ4,12
20240324,2024-03-24,2024,3,March,Mar,2024-03,Q1,2024-Q1,24,Sunday,7,1,FY2023-24,FQ4,12
20240325,2024-03-25,2024,3,March,Mar,2024-03,Q1,2024-Q1,25,Monday,1,0,FY2023-24,FQ4,12
20240326,2024-03-26,2024,3,March,Mar,2024-03,Q1,2024-Q1,26,Tuesday,2,0,FY2023-24,FQ4,12
20240327,2024-03-27,2024,3,March,Mar,2024-03,Q1,2024-Q1,27,Wednesday,3,0,FY2023-24,FQ4,12
20240328,2024-03-28,2024,3,March,Mar,2024-03,Q1,2024-Q1,28,Thursday,4,0,FY2023-24,FQ4,12
20240329,2024-03-29,2024,3,March,Mar,2024-03,Q1,2024-Q1,29,Friday,5,0,FY2023-24,FQ4,12
20240330,2024-03-30,2024,3,March,Mar,2024-03,Q1,2024-Q1,30,Saturday,6,1,FY2023-24,FQ4,12
20240331,2024-03-31,2024,3,March,Mar,2024-03,Q1,2024-Q1,31,Sunday,7,1,FY2023-24,FQ4,12
20240401,2024-04-01,2024,4,April,Apr,2024-04,Q2,2024-Q2,1,Monday,1,0,FY2024-25,FQ1,1
20240402,2024-04-02,2024,4,April,Apr,2024-04,Q2,2024-Q2,2,Tuesday,2,0,FY2024-25,FQ1,1
20240403,2024-04-03,2024,4,April,Apr,2024-04,Q2,2024-Q2,3,Wednesday,3,0,FY2024-25,FQ1,1
20240404,2024-04-04,2024,4,April,Apr,2024-04,Q2,2024-Q2,4,Thursday,4,0,FY2024-25,FQ1,1
20240405,2024-04-05,2024,4,April,Apr,2024-04,Q2,2024-Q2,5,Friday,5,0,FY2024-25,FQ1,1
20240406,2024-04-06,2024,4,April,Apr,2024-04,Q2,2024-Q2,6,Saturday,6,1,FY2024-25,FQ1,1
20240407,2024-04-07,2024,4,April,Apr,2024-04,Q2,2024-Q2,7,Sunday,7,1,FY2024-25,FQ1,1
20240408,2024-04-08,2024,4,April,Apr,2024-04,Q2,2024-Q2,8,Monday,1,0,FY2024-25,FQ1,1
20240409,2024-04-09,2024,4,April,Apr,2024-04,Q2,2024-Q2,9,Tuesday,2,0,FY2024-25,FQ1,1
20240410,2024-04-10,2024,4,April,Apr,2024-04,Q2,2024-Q2,10,Wednesday,3,0,FY2024-25,FQ1,1
20240411,2024-04-11,2024,4,April,Apr,2024-04,Q2,2024-Q2,11,Thursday,4,0,FY2024-25,FQ1,1
20240412,2024-04-12,2024,4,April,Apr,2024-04,Q2,2024-Q2,12,Friday,5,0,FY2024-25,FQ1,1
20240413,2024-04-13,2024,4,April,Apr,2024-04,Q2,2024-Q2,13,Saturday,6,1,FY2024-25,FQ1,1
20240414,2024-04-14,2024,4,April,Apr,2024-04,Q2,2024-Q2,14,Sunday,7,1,FY2024-25,FQ1,1
20240415,2024-04-15,2024,4,April,Apr,2024-04,Q2,2024-Q2,15,Monday,1,0,FY2024-25,FQ1,1
20240416,2024-04-16,2024,4,April,Apr,2024-04,Q2,2024-Q2,16,Tuesday,2,0,FY2024-25,FQ1,1
20240417,2024-04-17,2024,4,April,Apr,2024-04,Q2,2024-Q2,17,Wednesday,3,0,FY2024-25,FQ1,1
20240418,2024-04-18,2024,4,April,Apr,2024-04,Q2,2024-Q2,18,Thursday,4,0,FY2024-25,FQ1,1
20240419,2024-04-19,2024,4,April,Apr,2024-04,Q2,2024-Q2,19,Friday,5,0,FY2024-25,FQ1,1
20240420,2024-04-20,2024,4,April,Apr,2024-04,Q2,2024-Q2,20,Saturday,6,1,FY2024-25,FQ1,1
20240421,2024-04-21,2024,4,April,Apr,2024-04,Q2,2024-Q2,21,Sunday,7,1,FY2024-25,FQ1,1
20240422,2024-04-22,2024,4,April,Apr,2024-04,Q2,2024-Q2,22,Monday,1,0,FY2024-25,FQ1,1
20240423,2024-04-23,2024,4,April,Apr,2024-04,Q2,2024-Q2,23,Tuesday,2,0,FY2024-25,FQ1,1
20240424,2024-04-24,2024,4,April,Apr,2024-04,Q2,2024-Q2,24,Wednesday,3,0,FY2024-25,FQ1,1
20240425,2024-04-25,2024,4,April,Apr,2024-04,Q2,2024-Q2,25,Thursday,4,0,FY2024-25,FQ1,1
20240426,2024-04-26,2024,4,April,Apr,2024-04,Q2,2024-Q2,26,Friday,5,0,FY2024-25,FQ1,1
20240427,2024-04-27,2024,4,April,Apr,2024-04,Q2,2024-Q2,27,Saturday,6,1,FY2024-25,FQ1,1
20240428,2024-04-28,2024,4,April,Apr,2024-04,Q2,2024-Q2,28,Sunday,7,1,FY2024-25,FQ1,1
20240429,2024-04-29,2024,4,April,Apr,2024-04,Q2,2024-Q2,29,Monday,1,0,FY2024-25,FQ1,1
20240430,2024-04-30,2024,4,April,Apr,2024-04,Q2,2024-Q2,30,Tuesday,2,0,FY2024-25,FQ1,1
20240501,2024-05-01,2024,5,May,May,2024-05,Q2,2024-Q2,1,Wednesday,3,0,FY2024-25,FQ1,2
20240502,2024-05-02,2024,5,May,May,2024-05,Q2,2024-Q2,2,Thursday,4,0,FY2024-25,FQ1,2
20240503,2024-05-03,2024,5,May,May,2024-05,Q2,2024-Q2,3,Friday,5,0,FY2024-25,FQ1,2
20240504,2024-05-04,2024,5,May,May,2024-05,Q2,2024-Q2,4,Saturday,6,1,FY2024-25,FQ1,2
20240505,2024-05-05,2024,5,May,May,2024-05,Q2,2024-Q2,5,Sunday,7,1,FY2024-25,FQ1,2
20240506,2024-05-06,2024,5,May,May,2024-05,Q2,2024-Q2,6,Monday,1,0,FY2024-25,FQ1,2
20240507,2024-05-07,2024,5,May,May,2024-05,Q2,2024-Q2,7,Tuesday,2,0,FY2024-25,FQ1,2
20240508,2024-05-08,2024,5,May,May,2024-05,Q2,2024-Q2,8,Wednesday,3,0,FY2024-25,FQ1,2
20240509,2024-05-09,2024,5,May,May,2024-05,Q2,2024-Q2,9,Thursday,4,0,FY2024-25,FQ1,2
20240510,2024-05-10,2024,5,May,May,2024-05,Q2,2024-Q2,10,Friday,5,0,FY2024-25,FQ1,2
20240511,2024-05-11,2024,5,May,May,2024-05,Q2,2024-Q2,11,Saturday,6,1,FY2024-25,FQ1,2
20240512,2024-05-12,2024,5,May,May,2024-05,Q2,2024-Q2,12,Sunday,7,1,FY2024-25,FQ1,2
20240513,2024-05-13,2024,5,May,May,2024-05,Q2,2024-Q2,13,Monday,1,0,FY2024-25,FQ1,2
20240514,2024-05-14,2024,5,May,May,2024-05,Q2,2024-Q2,14,Tuesday,2,0,FY2024-25,FQ1,2
20240515,2024-05-15,2024,5,May,May,2024-05,Q2,2024-Q2,15,Wednesday,3,0,FY2024-25,FQ1,2
20240516,2024-05-16,2024,5,May,May,2024-05,Q2,2024-Q2,16,Thursday,4,0,FY2024-25,FQ1,2
20240517,2024-05-17,2024,5,May,May,2024-05,Q2,2024-Q2,17,Friday,5,0,FY2024-25,FQ1,2
20240518,2024-05-18,2024,5,May,May,2024-05,Q2,2024-Q2,18,Saturday,6,1,FY2024-25,FQ1,2
20240519,2024-05-19,2024,5,May,May,2024-05,Q2,2024-Q2,19,Sunday,7,1,FY2024-25,FQ1,2
20240520,2024-05-20,2024,5,May,May,2024-05,Q2,2024-Q2,20,Monday,1,0,FY2024-25,FQ1,2
20240521,2024-05-21,2024,5,May,May,2024-05,Q2,2024-Q2,21,Tuesday,2,0,FY2024-25,FQ1,2
20240522,2024-05-22,2024,5,May,May,2024-05,Q2,2024-Q2,22,Wednesday,3,0,FY2024-25,FQ1,2
20240523,2024-05-23,2024,5,May,May,2024-05,Q2,2024-Q2,23,Thursday,4,0,FY2024-25,FQ1,2
20240524,2024-05-24,2024,5,May,May,2024-05,Q2,2024-Q2,24,Friday,5,0,FY2024-25,FQ1,2
20240525,2024-05-25,2024,5,May,May,2024-05,Q2,2024-Q2,25,Saturday,6,1,FY2024-25,FQ1,2
20240526,2024-05-26,2024,5,May,May,2024-05,Q2,2024-Q2,26,Sunday,7,1,FY2024-25,FQ1,2
20240527,2024-05-27,2024,5,May,May,2024-05,Q2,2024-Q2,27,Monday,1,0,FY2024-25,FQ1,2
20240528,2024-05-28,2024,5,May,May,2024-05,Q2,2024-Q2,28,Tuesday,2,0,FY2024-25,FQ1,2
20240529,2024-05-29,2024,5,May,May,2024-05,Q2,2024-Q2,29,Wednesday,3,0,FY2024-25,FQ1,2
20240530,2024-05-30,2024,5,May,May,2024-05,Q2,2024-Q2,30,Thursday,4,0,FY2024-25,FQ1,2
20240531,2024-05-31,2024,5,May,May,2024-05,Q2,2024-Q2,31,Friday,5,0,FY2024-25,FQ1,2
20240601,2024-06-01,2024,6,June,Jun,2024-06,Q2,2024-Q2,1,Saturday,6,1,FY2024-25,FQ1,3
20240602,2024-06-02,2024,6,June,Jun,2024-06,Q2,2024-Q2,2,Sunday,7,1,FY2024-25,FQ1,3
20240603,2024-06-03,2024,6,June,Jun,2024-06,Q2,2024-Q2,3,Monday,1,0,FY2024-25,FQ1,3
20240604,2024-06-04,2024,6,June,Jun,2024-06,Q2,2024-Q2,4,Tuesday,2,0,FY2024-25,FQ1,3
20240605,2024-06-05,2024,6,June,Jun,2024-06,Q2,2024-Q2,5,Wednesday,3,0,FY2024-25,FQ1,3
20240606,2024-06-06,2024,6,June,Jun,2024-06,Q2,2024-Q2,6,Thursday,4,0,FY2024-25,FQ1,3
20240607,2024-06-07,2024,6,June,Jun,2024-06,Q2,2024-Q2,7,Friday,5,0,FY2024-25,FQ1,3
20240608,2024-06-08,2024,6,June,Jun,2024-06,Q2,2024-Q2,8,Saturday,6,1,FY2024-25,FQ1,3
20240609,2024-06-09,2024,6,June,Jun,2024-06,Q2,2024-Q2,9,Sunday,7,1,FY2024-25,FQ1,3
20240610,2024-06-10,2024,6,June,Jun,2024-06,Q2,2024-Q2,10,Monday,1,0,FY2024-25,FQ1,3
20240611,2024-06-11,2024,6,June,Jun,2024-06,Q2,2024-Q2,11,Tuesday,2,0,FY2024-25,FQ1,3
20240612,2024-06-12,2024,6,June,Jun,2024-06,Q2,2024-Q2,12,Wednesday,3,0,FY2024-25,FQ1,3
20240613,2024-06-13,2024,6,June,Jun,2024-06,Q2,2024-Q2,13,Thursday,4,0,FY2024-25,FQ1,3
20240614,2024-06-14,2024,6,June,Jun,2024-06,Q2,2024-Q2,14,Friday,5,0,FY2024-25,FQ1,3
20240615,2024-06-15,2024,6,June,Jun,2024-06,Q2,2024-Q2,15,Saturday,6,1,FY2024-25,FQ1,3
20240616,2024-06-16,2024,6,June,Jun,2024-06,Q2,2024-Q2,16,Sunday,7,1,FY2024-25,FQ1,3
20240617,2024-06-17,2024,6,June,Jun,2024-06,Q2,2024-Q2,17,Monday,1,0,FY2024-25,FQ1,3
20240618,2024-06-18,2024,6,June,Jun,2024-06,Q2,2024-Q2,18,Tuesday,2,0,FY2024-25,FQ1,3
20240619,2024-06-19,2024,6,June,Jun,2024-06,Q2,2024-Q2,19,Wednesday,3,0,FY2024-25,FQ1,3
20240620,2024-06-20,2024,6,June,Jun,2024-06,Q2,2024-Q2,20,Thursday,4,0,FY2024-25,FQ1,3
20240621,2024-06-21,2024,6,June,Jun,2024-06,Q2,2024-Q2,21,Friday,5,0,FY2024-25,FQ1,3
20240622,2024-06-22,2024,6,June,Jun,2024-06,Q2,2024-Q2,22,Saturday,6,1,FY2024-25,FQ1,3
20240623,2024-06-23,2024,6,June,Jun,2024-06,Q2,2024-Q2,23,Sunday,7,1,FY2024-25,FQ1,3
20240624,2024-06-24,2024,6,June,Jun,2024-06,Q2,2024-Q2,24,Monday,1,0,FY2024-25,FQ1,3
20240625,2024-06-25,2024,6,June,Jun,2024-06,Q2,2024-Q2,25,Tuesday,2,0,FY2024-25,FQ1,3
20240626,2024-06-26,2024,6,June,Jun,2024-06,Q2,2024-Q2,26,Wednesday,3,0,FY2024-25,FQ1,3
20240627,2024-06-27,2024,6,June,Jun,2024-06,Q2,2024-Q2,27,Thursday,4,0,FY2024-25,FQ1,3
20240628,2024-06-28,2024,6,June,Jun,2024-06,Q2,2024-Q2,28,Friday,5,0,FY2024-25,FQ1,3
20240629,2024-06-29,2024,6,June,Jun,2024-06,Q2,2024-Q2,29,Saturday,6,1,FY2024-25,FQ1,3
20240630,2024-06-30,2024,6,June,Jun,2024-06,Q2,2024-Q2,30,Sunday,7,1,FY2024-25,FQ1,3
20240701,2024-07-01,2024,7,July,Jul,2024-07,Q3,2024-Q3,1,Monday,1,0,FY2024-25,FQ2,4
20240702,2024-07-02,2024,7,July,Jul,2024-07,Q3,2024-Q3,2,Tuesday,2,0,FY2024-25,FQ2,4
20240703,2024-07-03,2024,7,July,Jul,2024-07,Q3,2024-Q3,3,Wednesday,3,0,FY2024-25,FQ2,4
20240704,2024-07-04,2024,7,July,Jul,2024-07,Q3,2024-Q3,4,Thursday,4,0,FY2024-25,FQ2,4
20240705,2024-07-05,2024,7,July,Jul,2024-07,Q3,2024-Q3,5,Friday,5,0,FY2024-25,FQ2,4
20240706,2024-07-06,2024,7,July,Jul,2024-07,Q3,2024-Q3,6,Saturday,6,1,FY2024-25,FQ2,4
20240707,2024-07-07,2024,7,July,Jul,2024-07,Q3,2024-Q3,7,Sunday,7,1,FY2024-25,FQ2,4
20240708,2024-07-08,2024,7,July,Jul,2024-07,Q3,2024-Q3,8,Monday,1,0,FY2024-25,FQ2,4
20240709,2024-07-09,2024,7,July,Jul,2024-07,Q3,2024-Q3,9,Tuesday,2,0,FY2024-25,FQ2,4
20240710,2024-07-10,2024,7,July,Jul,2024-07,Q3,2024-Q3,10,Wednesday,3,0,FY2024-25,FQ2,4
20240711,2024-07-11,2024,7,July,Jul,2024-07,Q3,2024-Q3,11,Thursday,4,0,FY2024-25,FQ2,4
20240712,2024-07-12,2024,7,July,Jul,2024-07,Q3,2024-Q3,12,Friday,5,0,FY2024-25,FQ2,4
20240713,2024-07-13,2024,7,July,Jul,2024-07,Q3,2024-Q3,13,Saturday,6,1,FY2024-25,FQ2,4
20240714,2024-07-14,2024,7,July,Jul,2024-07,Q3,2024-Q3,14,Sunday,7,1,FY2024-25,FQ2,4
20240715,2024-07-15,2024,7,July,Jul,2024-07,Q3,2024-Q3,15,Monday,1,0,FY2024-25,FQ2,4
20240716,2024-07-16,2024,7,July,Jul,2024-07,Q3,2024-Q3,16,Tuesday,2,0,FY2024-25,FQ2,4
20240717,2024-07-17,2024,7,July,Jul,2024-07,Q3,2024-Q3,17,Wednesday,3,0,FY2024-25,FQ2,4
20240718,2024-07-18,2024,7,July,Jul,2024-07,Q3,2024-Q3,18,Thursday,4,0,FY2024-25,FQ2,4
20240719,2024-07-19,2024,7,July,Jul,2024-07,Q3,2024-Q3,19,Friday,5,0,FY2024-25,FQ2,4
20240720,2024-07-20,2024,7,July,Jul,2024-07,Q3,2024-Q3,20,Saturday,6,1,FY2024-25,FQ2,4
20240721,2024-07-21,2024,7,July,Jul,2024-07,Q3,2024-Q3,21,Sunday,7,1,FY2024-25,FQ2,4
20240722,2024-07-22,2024,7,July,Jul,2024-07,Q3,2024-Q3,22,Monday,1,0,FY2024-25,FQ2,4
20240723,2024-07-23,2024,7,July,Jul,2024-07,Q3,2024-Q3,23,Tuesday,2,0,FY2024-25,FQ2,4
20240724,2024-07-24,2024,7,July,Jul,2024-07,Q3,2024-Q3,24,Wednesday,3,0,FY2024-25,FQ2,4
20240725,2024-07-25,2024,7,July,Jul,2024-07,Q3,2024-Q3,25,Thursday,4,0,FY2024-25,FQ2,4
20240726,2024-07-26,2024,7,July,Jul,2024-07,Q3,2024-Q3,26,Friday,5,0,FY2024-25,FQ2,4
20240727,2024-07-27,2024,7,July,Jul,2024-07,Q3,2024-Q3,27,Saturday,6,1,FY2024-25,FQ2,4
20240728,2024-07-28,2024,7,July,Jul,2024-07,Q3,2024-Q3,28,Sunday,7,1,FY2024-25,FQ2,4
20240729,2024-07-29,2024,7,July,Jul,2024-07,Q3,2024-Q3,29,Monday,1,0,FY2024-25,FQ2,4
20240730,2024-07-30,2024,7,July,Jul,2024-07,Q3,2024-Q3,30,Tuesday,2,0,FY2024-25,FQ2,4
20240731,2024-07-31,2024,7,July,Jul,2024-07,Q3,2024-Q3,31,Wednesday,3,0,FY2024-25,FQ2,4
20240801,2024-08-01,2024,8,August,Aug,2024-08,Q3,2024-Q3,1,Thursday,4,0,FY2024-25,FQ2,5
20240802,2024-08-02,2024,8,August,Aug,2024-08,Q3,2024-Q3,2,Friday,5,0,FY2024-25,FQ2,5
20240803,2024-08-03,2024,8,August,Aug,2024-08,Q3,2024-Q3,3,Saturday,6,1,FY2024-25,FQ2,5
20240804,2024-08-04,2024,8,August,Aug,2024-08,Q3,2024-Q3,4,Sunday,7,1,FY2024-25,FQ2,5
20240805,2024-08-05,2024,8,August,Aug,2024-08,Q3,2024-Q3,5,Monday,1,0,FY2024-25,FQ2,5
20240806,2024-08-06,2024,8,August,Aug,2024-08,Q3,2024-Q3,6,Tuesday,2,0,FY2024-25,FQ2,5
20240807,2024-08-07,2024,8,August,Aug,2024-08,Q3,2024-Q3,7,Wednesday,3,0,FY2024-25,FQ2,5
20240808,2024-08-08,2024,8,August,Aug,2024-08,Q3,2024-Q3,8,Thursday,4,0,FY2024-25,FQ2,5
20240809,2024-08-09,2024,8,August,Aug,2024-08,Q3,2024-Q3,9,Friday,5,0,FY2024-25,FQ2,5
20240810,2024-08-10,2024,8,August,Aug,2024-08,Q3,2024-Q3,10,Saturday,6,1,FY2024-25,FQ2,5
20240811,2024-08-11,2024,8,August,Aug,2024-08,Q3,2024-Q3,11,Sunday,7,1,FY2024-25,FQ2,5
20240812,2024-08-12,2024,8,August,Aug,2024-08,Q3,2024-Q3,12,Monday,1,0,FY2024-25,FQ2,5
20240813,2024-08-13,2024,8,August,Aug,2024-08,Q3,2024-Q3,13,Tuesday,2,0,FY2024-25,FQ2,5
20240814,2024-08-14,2024,8,August,Aug,2024-08,Q3,2024-Q3,14,Wednesday,3,0,FY2024-25,FQ2,5
20240815,2024-08-15,2024,8,August,Aug,2024-08,Q3,2024-Q3,15,Thursday,4,0,FY2024-25,FQ2,5
20240816,2024-08-16,2024,8,August,Aug,2024-08,Q3,2024-Q3,16,Friday,5,0,FY2024-25,FQ2,5
20240817,2024-08-17,2024,8,August,Aug,2024-08,Q3,2024-Q3,17,Saturday,6,1,FY2024-25,FQ2,5
20240818,2024-08-18,2024,8,August,Aug,2024-08,Q3,2024-Q3,18,Sunday,7,1,FY2024-25,FQ2,5
20240819,2024-08-19,2024,8,August,Aug,2024-08,Q3,2024-Q3,19,Monday,1,0,FY2024-25,FQ2,5
20240820,2024-08-20,2024,8,August,Aug,2024-08,Q3,2024-Q3,20,Tuesday,2,0,FY2024-25,FQ2,5
20240821,2024-08-21,2024,8,August,Aug,2024-08,Q3,2024-Q3,21,Wednesday,3,0,FY2024-25,FQ2,5
20240822,2024-08-22,2024,8,August,Aug,2024-08,Q3,2024-Q3,22,Thursday,4,0,FY2024-25,FQ2,5
20240823,2024-08-23,2024,8,August,Aug,2024-08,Q3,2024-Q3,23,Friday,5,0,FY2024-25,FQ2,5
20240824,2024-08-24,2024,8,August,Aug,2024-08,Q3,2024-Q3,24,Saturday,6,1,FY2024-25,FQ2,5
20240825,2024-08-25,2024,8,August,Aug,2024-08,Q3,2024-Q3,25,Sunday,7,1,FY2024-25,FQ2,5
20240826,2024-08-26,2024,8,August,Aug,2024-08,Q3,2024-Q3,26,Monday,1,0,FY2024-25,FQ2,5
20240827,2024-08-27,2024,8,August,Aug,2024-08,Q3,2024-Q3,27,Tuesday,2,0,FY2024-25,FQ2,5
20240828,2024-08-28,2024,8,August,Aug,2024-08,Q3,2024-Q3,28,Wednesday,3,0,FY2024-25,FQ2,5
20240829,2024-08-29,2024,8,August,Aug,2024-08,Q3,2024-Q3,29,Thursday,4,0,FY2024-25,FQ2,5
20240830,2024-08-30,2024,8,August,Aug,2024-08,Q3,2024-Q3,30,Friday,5,0,FY2024-25,FQ2,5
20240831,2024-08-31,2024,8,August,Aug,2024-08,Q3,2024-Q3,31,Saturday,6,1,FY2024-25,FQ2,5
20240901,2024-09-01,2024,9,September,Sep,2024-09,Q3,2024-Q3,1,Sunday,7,1,FY2024-25,FQ2,6
20240902,2024-09-02,2024,9,September,Sep,2024-09,Q3,2024-Q3,2,Monday,1,0,FY2024-25,FQ2,6
20240903,2024-09-03,2024,9,September,Sep,2024-09,Q3,2024-Q3,3,Tuesday,2,0,FY2024-25,FQ2,6
20240904,2024-09-04,2024,9,September,Sep,2024-09,Q3,2024-Q3,4,Wednesday,3,0,FY2024-25,FQ2,6
20240905,2024-09-05,2024,9,September,Sep,2024-09,Q3,2024-Q3,5,Thursday,4,0,FY2024-25,FQ2,6
20240906,2024-09-06,2024,9,September,Sep,2024-09,Q3,2024-Q3,6,Friday,5,0,FY2024-25,FQ2,6
20240907,2024-09-07,2024,9,September,Sep,2024-09,Q3,2024-Q3,7,Saturday,6,1,FY2024-25,FQ2,6
20240908,2024-09-08,2024,9,September,Sep,2024-09,Q3,2024-Q3,8,Sunday,7,1,FY2024-25,FQ2,6
20240909,2024-09-09,2024,9,September,Sep,2024-09,Q3,2024-Q3,9,Monday,1,0,FY2024-25,FQ2,6
20240910,2024-09-10,2024,9,September,Sep,2024-09,Q3,2024-Q3,10,Tuesday,2,0,FY2024-25,FQ2,6
20240911,2024-09-11,2024,9,September,Sep,2024-09,Q3,2024-Q3,11,Wednesday,3,0,FY2024-25,FQ2,6
20240912,2024-09-12,2024,9,September,Sep,2024-09,Q3,2024-Q3,12,Thursday,4,0,FY2024-25,FQ2,6
20240913,2024-09-13,2024,9,September,Sep,2024-09,Q3,2024-Q3,13,Friday,5,0,FY2024-25,FQ2,6
20240914,2024-09-14,2024,9,September,Sep,2024-09,Q3,2024-Q3,14,Saturday,6,1,FY2024-25,FQ2,6
20240915,2024-09-15,2024,9,September,Sep,2024-09,Q3,2024-Q3,15,Sunday,7,1,FY2024-25,FQ2,6
20240916,2024-09-16,2024,9,September,Sep,2024-09,Q3,2024-Q3,16,Monday,1,0,FY2024-25,FQ2,6
20240917,2024-09-17,2024,9,September,Sep,2024-09,Q3,2024-Q3,17,Tuesday,2,0,FY2024-25,FQ2,6
20240918,2024-09-18,2024,9,September,Sep,2024-09,Q3,2024-Q3,18,Wednesday,3,0,FY2024-25,FQ2,6
20240919,2024-09-19,2024,9,September,Sep,2024-09,Q3,2024-Q3,19,Thursday,4,0,FY2024-25,FQ2,6
20240920,2024-09-20,2024,9,September,Sep,2024-09,Q3,2024-Q3,20,Friday,5,0,FY2024-25,FQ2,6
20240921,2024-09-21,2024,9,September,Sep,2024-09,Q3,2024-Q3,21,Saturday,6,1,FY2024-25,FQ2,6
20240922,2024-09-22,2024,9,September,Sep,2024-09,Q3,2024-Q3,22,Sunday,7,1,FY2024-25,FQ2,6
20240923,2024-09-23,2024,9,September,Sep,2024-09,Q3,2024-Q3,23,Monday,1,0,FY2024-25,FQ2,6
20240924,2024-09-24,2024,9,September,Sep,2024-09,Q3,2024-Q3,24,Tuesday,2,0,FY2024-25,FQ2,6
20240925,2024-09-25,2024,9,September,Sep,2024-09,Q3,2024-Q3,25,Wednesday,3,0,FY2024-25,FQ2,6
20240926,2024-09-26,2024,9,September,Sep,2024-09,Q3,2024-Q3,26,Thursday,4,0,FY2024-25,FQ2,6
20240927,2024-09-27,2024,9,September,Sep,2024-09,Q3,2024-Q3,27,Friday,5,0,FY2024-25,FQ2,6
20240928,2024-09-28,2024,9,September,Sep,2024-09,Q3,2024-Q3,28,Saturday,6,1,FY2024-25,FQ2,6
20240929,2024-09-29,2024,9,September,Sep,2024-09,Q3,2024-Q3,29,Sunday,7,1,FY2024-25,FQ2,6
20240930,2024-09-30,2024,9,September,Sep,2024-09,Q3,2024-Q3,30,Monday,1,0,FY2024-25,FQ2,6
20241001,2024-10-01,2024,10,October,Oct,2024-10,Q4,2024-Q4,1,Tuesday,2,0,FY2024-25,FQ3,7
20241002,2024-10-02,2024,10,October,Oct,2024-10,Q4,2024-Q4,2,Wednesday,3,0,FY2024-25,FQ3,7
20241003,2024-10-03,2024,10,October,Oct,2024-10,Q4,2024-Q4,3,Thursday,4,0,FY2024-25,FQ3,7
20241004,2024-10-04,2024,10,October,Oct,2024-10,Q4,2024-Q4,4,Friday,5,0,FY2024-25,FQ3,7
20241005,2024-10-05,2024,10,October,Oct,2024-10,Q4,2024-Q4,5,Saturday,6,1,FY2024-25,FQ3,7
20241006,2024-10-06,2024,10,October,Oct,2024-10,Q4,2024-Q4,6,Sunday,7,1,FY2024-25,FQ3,7
20241007,2024-10-07,2024,10,October,Oct,2024-10,Q4,2024-Q4,7,Monday,1,0,FY2024-25,FQ3,7
20241008,2024-10-08,2024,10,October,Oct,2024-10,Q4,2024-Q4,8,Tuesday,2,0,FY2024-25,FQ3,7
20241009,2024-10-09,2024,10,October,Oct,2024-10,Q4,2024-Q4,9,Wednesday,3,0,FY2024-25,FQ3,7
20241010,2024-10-10,2024,10,October,Oct,2024-10,Q4,2024-Q4,10,Thursday,4,0,FY2024-25,FQ3,7
20241011,2024-10-11,2024,10,October,Oct,2024-10,Q4,2024-Q4,11,Friday,5,0,FY2024-25,FQ3,7
20241012,2024-10-12,2024,10,October,Oct,2024-10,Q4,2024-Q4,12,Saturday,6,1,FY2024-25,FQ3,7
20241013,2024-10-13,2024,10,October,Oct,2024-10,Q4,2024-Q4,13,Sunday,7,1,FY2024-25,FQ3,7
20241014,2024-10-14,2024,10,October,Oct,2024-10,Q4,2024-Q4,14,Monday,1,0,FY2024-25,FQ3,7
20241015,2024-10-15,2024,10,October,Oct,2024-10,Q4,2024-Q4,15,Tuesday,2,0,FY2024-25,FQ3,7
20241016,2024-10-16,2024,10,October,Oct,2024-10,Q4,2024-Q4,16,Wednesday,3,0,FY2024-25,FQ3,7
20241017,2024-10-17,2024,10,October,Oct,2024-10,Q4,2024-Q4,17,Thursday,4,0,FY2024-25,FQ3,7
20241018,2024-10-18,2024,10,October,Oct,2024-10,Q4,2024-Q4,18,Friday,5,0,FY2024-25,FQ3,7
20241019,2024-10-19,2024,10,October,Oct,2024-10,Q4,2024-Q4,19,Saturday,6,1,FY2024-25,FQ3,7
20241020,2024-10-20,2024,10,October,Oct,2024-10,Q4,2024-Q4,20,Sunday,7,1,FY2024-25,FQ3,7
20241021,2024-10-21,2024,10,October,Oct,2024-10,Q4,2024-Q4,21,Monday,1,0,FY2024-25,FQ3,7
20241022,2024-10-22,2024,10,October,Oct,2024-10,Q4,2024-Q4,22,Tuesday,2,0,FY2024-25,FQ3,7
20241023,2024-10-23,2024,10,October,Oct,2024-10,Q4,2024-Q4,23,Wednesday,3,0,FY2024-25,FQ3,7
20241024,2024-10-24,2024,10,October,Oct,2024-10,Q4,2024-Q4,24,Thursday,4,0,FY2024-25,FQ3,7
20241025,2024-10-25,2024,10,October,Oct,2024-10,Q4,2024-Q4,25,Friday,5,0,FY2024-25,FQ3,7
20241026,2024-10-26,2024,10,October,Oct,2024-10,Q4,2024-Q4,26,Saturday,6,1,FY2024-25,FQ3,7
20241027,2024-10-27,2024,10,October,Oct,2024-10,Q4,2024-Q4,27,Sunday,7,1,FY2024-25,FQ3,7
20241028,2024-10-28,2024,10,October,Oct,2024-10,Q4,2024-Q4,28,Monday,1,0,FY2024-25,FQ3,7
20241029,2024-10-29,2024,10,October,Oct,2024-10,Q4,2024-Q4,29,Tuesday,2,0,FY2024-25,FQ3,7
20241030,2024-10-30,2024,10,October,Oct,2024-10,Q4,2024-Q4,30,Wednesday,3,0,FY2024-25,FQ3,7
20241031,2024-10-31,2024,10,October,Oct,2024-10,Q4,2024-Q4,31,Thursday,4,0,FY2024-25,FQ3,7
20241101,2024-11-01,2024,11,November,Nov,2024-11,Q4,2024-Q4,1,Friday,5,0,FY2024-25,FQ3,8
20241102,2024-11-02,2024,11,November,Nov,2024-11,Q4,2024-Q4,2,Saturday,6,1,FY2024-25,FQ3,8
20241103,2024-11-03,2024,11,November,Nov,2024-11,Q4,2024-Q4,3,Sunday,7,1,FY2024-25,FQ3,8
20241104,2024-11-04,2024,11,November,Nov,2024-11,Q4,2024-Q4,4,Monday,1,0,FY2024-25,FQ3,8
20241105,2024-11-05,2024,11,November,Nov,2024-11,Q4,2024-Q4,5,Tuesday,2,0,FY2024-25,FQ3,8
20241106,2024-11-06,2024,11,November,Nov,2024-11,Q4,2024-Q4,6,Wednesday,3,0,FY2024-25,FQ3,8
20241107,2024-11-07,2024,11,November,Nov,2024-11,Q4,2024-Q4,7,Thursday,4,0,FY2024-25,FQ3,8
20241108,2024-11-08,2024,11,November,Nov,2024-11,Q4,2024-Q4,8,Friday,5,0,FY2024-25,FQ3,8
20241109,2024-11-09,2024,11,November,Nov,2024-11,Q4,2024-Q4,9,Saturday,6,1,FY2024-25,FQ3,8
20241110,2024-11-10,2024,11,November,Nov,2024-11,Q4,2024-Q4,10,Sunday,7,1,FY2024-25,FQ3,8
20241111,2024-11-11,2024,11,November,Nov,2024-11,Q4,2024-Q4,11,Monday,1,0,FY2024-25,FQ3,8
20241112,2024-11-12,2024,11,November,Nov,2024-11,Q4,2024-Q4,12,Tuesday,2,0,FY2024-25,FQ3,8
20241113,2024-11-13,2024,11,November,Nov,2024-11,Q4,2024-Q4,13,Wednesday,3,0,FY2024-25,FQ3,8
20241114,2024-11-14,2024,11,November,Nov,2024-11,Q4,2024-Q4,14,Thursday,4,0,FY2024-25,FQ3,8
20241115,2024-11-15,2024,11,November,Nov,2024-11,Q4,2024-Q4,15,Friday,5,0,FY2024-25,FQ3,8
20241116,2024-11-16,2024,11,November,Nov,2024-11,Q4,2024-Q4,16,Saturday,6,1,FY2024-25,FQ3,8
20241117,2024-11-17,2024,11,November,Nov,2024-11,Q4,2024-Q4,17,Sunday,7,1,FY2024-25,FQ3,8
20241118,2024-11-18,2024,11,November,Nov,2024-11,Q4,2024-Q4,18,Monday,1,0,FY2024-25,FQ3,8
20241119,2024-11-19,2024,11,November,Nov,2024-11,Q4,2024-Q4,19,Tuesday,2,0,FY2024-25,FQ3,8
20241120,2024-11-20,2024,11,November,Nov,2024-11,Q4,2024-Q4,20,Wednesday,3,0,FY2024-25,FQ3,8
20241121,2024-11-21,2024,11,November,Nov,2024-11,Q4,2024-Q4,21,Thursday,4,0,FY2024-25,FQ3,8
20241122,2024-11-22,2024,11,November,Nov,2024-11,Q4,2024-Q4,22,Friday,5,0,FY2024-25,FQ3,8
20241123,2024-11-23,2024,11,November,Nov,2024-11,Q4,2024-Q4,23,Saturday,6,1,FY2024-25,FQ3,8
20241124,2024-11-24,2024,11,November,Nov,2024-11,Q4,2024-Q4,24,Sunday,7,1,FY2024-25,FQ3,8
20241125,2024-11-25,2024,11,November,Nov,2024-11,Q4,2024-Q4,25,Monday,1,0,FY2024-25,FQ3,8
20241126,2024-11-26,2024,11,November,Nov,2024-11,Q4,2024-Q4,26,Tuesday,2,0,FY2024-25,FQ3,8
20241127,2024-11-27,2024,11,November,Nov,2024-11,Q4,2024-Q4,27,Wednesday,3,0,FY2024-25,FQ3,8
20241128,2024-11-28,2024,11,November,Nov,2024-11,Q4,2024-Q4,28,Thursday,4,0,FY2024-25,FQ3,8
20241129,2024-11-29,2024,11,November,Nov,2024-11,Q4,2024-Q4,29,Friday,5,0,FY2024-25,FQ3,8
20241130,2024-11-30,2024,11,November,Nov,2024-11,Q4,2024-Q4,30,Saturday,6,1,FY2024-25,FQ3,8
20241201,2024-12-01,2024,12,December,Dec,2024-12,Q4,2024-Q4,1,Sunday,7,1,FY2024-25,FQ3,9
20241202,2024-12-02,2024,12,December,Dec,2024-12,Q4,2024-Q4,2,Monday,1,0,FY2024-25,FQ3,9
20241203,2024-12-03,2024,12,December,Dec,2024-12,Q4,2024-Q4,3,Tuesday,2,0,FY2024-25,FQ3,9
20241204,2024-12-04,2024,12,December,Dec,2024-12,Q4,2024-Q4,4,Wednesday,3,0,FY2024-25,FQ3,9
20241205,2024-12-05,2024,12,December,Dec,2024-12,Q4,2024-Q4,5,Thursday,4,0,FY2024-25,FQ3,9
20241206,2024-12-06,2024,12,December,Dec,2024-12,Q4,2024-Q4,6,Friday,5,0,FY2024-25,FQ3,9
20241207,2024-12-07,2024,12,December,Dec,2024-12,Q4,2024-Q4,7,Saturday,6,1,FY2024-25,FQ3,9
20241208,2024-12-08,2024,12,December,Dec,2024-12,Q4,2024-Q4,8,Sunday,7,1,FY2024-25,FQ3,9
20241209,2024-12-09,2024,12,December,Dec,2024-12,Q4,2024-Q4,9,Monday,1,0,FY2024-25,FQ3,9
20241210,2024-12-10,2024,12,December,Dec,2024-12,Q4,2024-Q4,10,Tuesday,2,0,FY2024-25,FQ3,9
20241211,2024-12-11,2024,12,December,Dec,2024-12,Q4,2024-Q4,11,Wednesday,3,0,FY2024-25,FQ3,9
20241212,2024-12-12,2024,12,December,Dec,2024-12,Q4,2024-Q4,12,Thursday,4,0,FY2024-25,FQ3,9
20241213,2024-12-13,2024,12,December,Dec,2024-12,Q4,2024-Q4,13,Friday,5,0,FY2024-25,FQ3,9
20241214,2024-12-14,2024,12,December,Dec,2024-12,Q4,2024-Q4,14,Saturday,6,1,FY2024-25,FQ3,9
20241215,2024-12-15,2024,12,December,Dec,2024-12,Q4,2024-Q4,15,Sunday,7,1,FY2024-25,FQ3,9
20241216,2024-12-16,2024,12,December,Dec,2024-12,Q4,2024-Q4,16,Monday,1,0,FY2024-25,FQ3,9
20241217,2024-12-17,2024,12,December,Dec,2024-12,Q4,2024-Q4,17,Tuesday,2,0,FY2024-25,FQ3,9
20241218,2024-12-18,2024,12,December,Dec,2024-12,Q4,2024-Q4,18,Wednesday,3,0,FY2024-25,FQ3,9
20241219,2024-12-19,2024,12,December,Dec,2024-12,Q4,2024-Q4,19,Thursday,4,0,FY2024-25,FQ3,9
20241220,2024-12-20,2024,12,December,Dec,2024-12,Q4,2024-Q4,20,Friday,5,0,FY2024-25,FQ3,9
20241221,2024-12-21,2024,12,December,Dec,2024-12,Q4,2024-Q4,21,Saturday,6,1,FY2024-25,FQ3,9
20241222,2024-12-22,2024,12,December,Dec,2024-12,Q4,2024-Q4,22,Sunday,7,1,FY2024-25,FQ3,9
20241223,2024-12-23,2024,12,December,Dec,2024-12,Q4,2024-Q4,23,Monday,1,0,FY2024-25,FQ3,9
20241224,2024-12-24,2024,12,December,Dec,2024-12,Q4,2024-Q4,24,Tuesday,2,0,FY2024-25,FQ3,9
20241225,2024-12-25,2024,12,December,Dec,2024-12,Q4,2024-Q4,25,Wednesday,3,0,FY2024-25,FQ3,9
20241226,2024-12-26,2024,12,December,Dec,2024-12,Q4,2024-Q4,26,Thursday,4,0,FY2024-25,FQ3,9
20241227,2024-12-27,2024,12,December,Dec,2024-12,Q4,2024-Q4,27,Friday,5,0,FY2024-25,FQ3,9
20241228,2024-12-28,2024,12,December,Dec,2024-12,Q4,2024-Q4,28,Saturday,6,1,FY2024-25,FQ3,9
20241229,2024-12-29,2024,12,December,Dec,2024-12,Q4,2024-Q4,29,Sunday,7,1,FY2024-25,FQ3,9
20241230,2024-12-30,2024,12,December,Dec,2024-12,Q4,2024-Q4,30,Monday,1,0,FY2024-25,FQ3,9
20241231,2024-12-31,2024,12,December,Dec,2024-12,Q4,2024-Q4,31,Tuesday,2,0,FY2024-25,FQ3,9
20250101,2025-01-01,2025,1,January,Jan,2025-01,Q1,2025-Q1,1,Wednesday,3,0,FY2024-25,FQ4,10
20250102,2025-01-02,2025,1,January,Jan,2025-01,Q1,2025-Q1,2,Thursday,4,0,FY2024-25,FQ4,10
20250103,2025-01-03,2025,1,January,Jan,2025-01,Q1,2025-Q1,3,Friday,5,0,FY2024-25,FQ4,10
20250104,2025-01-04,2025,1,January,Jan,2025-01,Q1,2025-Q1,4,Saturday,6,1,FY2024-25,FQ4,10
20250105,2025-01-05,2025,1,January,Jan,2025-01,Q1,2025-Q1,5,Sunday,7,1,FY2024-25,FQ4,10
20250106,2025-01-06,2025,1,January,Jan,2025-01,Q1,2025-Q1,6,Monday,1,0,FY2024-25,FQ4,10
20250107,2025-01-07,2025,1,January,Jan,2025-01,Q1,2025-Q1,7,Tuesday,2,0,FY2024-25,FQ4,10
20250108,2025-01-08,2025,1,January,Jan,2025-01,Q1,2025-Q1,8,Wednesday,3,0,FY2024-25,FQ4,10
20250109,2025-01-09,2025,1,January,Jan,2025-01,Q1,2025-Q1,9,Thursday,4,0,FY2024-25,FQ4,10
20250110,2025-01-10,2025,1,January,Jan,2025-01,Q1,2025-Q1,10,Friday,5,0,FY2024-25,FQ4,10
20250111,2025-01-11,2025,1,January,Jan,2025-01,Q1,2025-Q1,11,Saturday,6,1,FY2024-25,FQ4,10
20250112,2025-01-12,2025,1,January,Jan,2025-01,Q1,2025-Q1,12,Sunday,7,1,FY2024-25,FQ4,10
20250113,2025-01-13,2025,1,January,Jan,2025-01,Q1,2025-Q1,13,Monday,1,0,FY2024-25,FQ4,10
20250114,2025-01-14,2025,1,January,Jan,2025-01,Q1,2025-Q1,14,Tuesday,2,0,FY2024-25,FQ4,10
20250115,2025-01-15,2025,1,January,Jan,2025-01,Q1,2025-Q1,15,Wednesday,3,0,FY2024-25,FQ4,10
20250116,2025-01-16,2025,1,January,Jan,2025-01,Q1,2025-Q1,16,Thursday,4,0,FY2024-25,FQ4,10
20250117,2025-01-17,2025,1,January,Jan,2025-01,Q1,2025-Q1,17,Friday,5,0,FY2024-25,FQ4,10
20250118,2025-01-18,2025,1,January,Jan,2025-01,Q1,2025-Q1,18,Saturday,6,1,FY2024-25,FQ4,10
20250119,2025-01-19,2025,1,January,Jan,2025-01,Q1,2025-Q1,19,Sunday,7,1,FY2024-25,FQ4,10
20250120,2025-01-20,2025,1,January,Jan,2025-01,Q1,2025-Q1,20,Monday,1,0,FY2024-25,FQ4,10
20250121,2025-01-21,2025,1,January,Jan,2025-01,Q1,2025-Q1,21,Tuesday,2,0,FY2024-25,FQ4,10
20250122,2025-01-22,2025,1,January,Jan,2025-01,Q1,2025-Q1,22,Wednesday,3,0,FY2024-25,FQ4,10
20250123,2025-01-23,2025,1,January,Jan,2025-01,Q1,2025-Q1,23,Thursday,4,0,FY2024-25,FQ4,10
20250124,2025-01-24,2025,1,January,Jan,2025-01,Q1,2025-Q1,24,Friday,5,0,FY2024-25,FQ4,10
20250125,2025-01-25,2025,1,January,Jan,2025-01,Q1,2025-Q1,25,Saturday,6,1,FY2024-25,FQ4,10
20250126,2025-01-26,2025,1,January,Jan,2025-01,Q1,2025-Q1,26,Sunday,7,1,FY2024-25,FQ4,10
20250127,2025-01-27,2025,1,January,Jan,2025-01,Q1,2025-Q1,27,Monday,1,0,FY2024-25,FQ4,10
20250128,2025-01-28,2025,1,January,Jan,2025-01,Q1,2025-Q1,28,Tuesday,2,0,FY2024-25,FQ4,10
20250129,2025-01-29,2025,1,January,Jan,2025-01,Q1,2025-Q1,29,Wednesday,3,0,FY2024-25,FQ4,10
20250130,2025-01-30,2025,1,January,Jan,2025-01,Q1,2025-Q1,30,Thursday,4,0,FY2024-25,FQ4,10
20250131,2025-01-31,2025,1,January,Jan,2025-01,Q1,2025-Q1,31,Friday,5,0,FY2024-25,FQ4,10
20250201,2025-02-01,2025,2,February,Feb,2025-02,Q1,2025-Q1,1,Saturday,6,1,FY2024-25,FQ4,11
20250202,2025-02-02,2025,2,February,Feb,2025-02,Q1,2025-Q1,2,Sunday,7,1,FY2024-25,FQ4,11
20250203,2025-02-03,2025,2,February,Feb,2025-02,Q1,2025-Q1,3,Monday,1,0,FY2024-25,FQ4,11
20250204,2025-02-04,2025,2,February,Feb,2025-02,Q1,2025-Q1,4,Tuesday,2,0,FY2024-25,FQ4,11
20250205,2025-02-05,2025,2,February,Feb,2025-02,Q1,2025-Q1,5,Wednesday,3,0,FY2024-25,FQ4,11
20250206,2025-02-06,2025,2,February,Feb,2025-02,Q1,2025-Q1,6,Thursday,4,0,FY2024-25,FQ4,11
20250207,2025-02-07,2025,2,February,Feb,2025-02,Q1,2025-Q1,7,Friday,5,0,FY2024-25,FQ4,11
20250208,2025-02-08,2025,2,February,Feb,2025-02,Q1,2025-Q1,8,Saturday,6,1,FY2024-25,FQ4,11
20250209,2025-02-09,2025,2,February,Feb,2025-02,Q1,2025-Q1,9,Sunday,7,1,FY2024-25,FQ4,11
20250210,2025-02-10,2025,2,February,Feb,2025-02,Q1,2025-Q1,10,Monday,1,0,FY2024-25,FQ4,11
20250211,2025-02-11,2025,2,February,Feb,2025-02,Q1,2025-Q1,11,Tuesday,2,0,FY2024-25,FQ4,11
20250212,2025-02-12,2025,2,February,Feb,2025-02,Q1,2025-Q1,12,Wednesday,3,0,FY2024-25,FQ4,11
20250213,2025-02-13,2025,2,February,Feb,2025-02,Q1,2025-Q1,13,Thursday,4,0,FY2024-25,FQ4,11
20250214,2025-02-14,2025,2,February,Feb,2025-02,Q1,2025-Q1,14,Friday,5,0,FY2024-25,FQ4,11
20250215,2025-02-15,2025,2,February,Feb,2025-02,Q1,2025-Q1,15,Saturday,6,1,FY2024-25,FQ4,11
20250216,2025-02-16,2025,2,February,Feb,2025-02,Q1,2025-Q1,16,Sunday,7,1,FY2024-25,FQ4,11
20250217,2025-02-17,2025,2,February,Feb,2025-02,Q1,2025-Q1,17,Monday,1,0,FY2024-25,FQ4,11
20250218,2025-02-18,2025,2,February,Feb,2025-02,Q1,2025-Q1,18,Tuesday,2,0,FY2024-25,FQ4,11
20250219,2025-02-19,2025,2,February,Feb,2025-02,Q1,2025-Q1,19,Wednesday,3,0,FY2024-25,FQ4,11
20250220,2025-02-20,2025,2,February,Feb,2025-02,Q1,2025-Q1,20,Thursday,4,0,FY2024-25,FQ4,11
20250221,2025-02-21,2025,2,February,Feb,2025-02,Q1,2025-Q1,21,Friday,5,0,FY2024-25,FQ4,11
20250222,2025-02-22,2025,2,February,Feb,2025-02,Q1,2025-Q1,22,Saturday,6,1,FY2024-25,FQ4,11
20250223,2025-02-23,2025,2,February,Feb,2025-02,Q1,2025-Q1,23,Sunday,7,1,FY2024-25,FQ4,11
20250224,2025-02-24,2025,2,February,Feb,2025-02,Q1,2025-Q1,24,Monday,1,0,FY2024-25,FQ4,11
20250225,2025-02-25,2025,2,February,Feb,2025-02,Q1,2025-Q1,25,Tuesday,2,0,FY2024-25,FQ4,11
20250226,2025-02-26,2025,2,February,Feb,2025-02,Q1,2025-Q1,26,Wednesday,3,0,FY2024-25,FQ4,11
20250227,2025-02-27,2025,2,February,Feb,2025-02,Q1,2025-Q1,27,Thursday,4,0,FY2024-25,FQ4,11
20250228,2025-02-28,2025,2,February,Feb,2025-02,Q1,2025-Q1,28,Friday,5,0,FY2024-25,FQ4,11
20250301,2025-03-01,2025,3,March,Mar,2025-03,Q1,2025-Q1,1,Saturday,6,1,FY2024-25,FQ4,12
20250302,2025-03-02,2025,3,March,Mar,2025-03,Q1,2025-Q1,2,Sunday,7,1,FY2024-25,FQ4,12
20250303,2025-03-03,2025,3,March,Mar,2025-03,Q1,2025-Q1,3,Monday,1,0,FY2024-25,FQ4,12
20250304,2025-03-04,2025,3,March,Mar,2025-03,Q1,2025-Q1,4,Tuesday,2,0,FY2024-25,FQ4,12
20250305,2025-03-05,2025,3,March,Mar,2025-03,Q1,2025-Q1,5,Wednesday,3,0,FY2024-25,FQ4,12
20250306,2025-03-06,2025,3,March,Mar,2025-03,Q1,2025-Q1,6,Thursday,4,0,FY2024-25,FQ4,12
20250307,2025-03-07,2025,3,March,Mar,2025-03,Q1,2025-Q1,7,Friday,5,0,FY2024-25,FQ4,12
20250308,2025-03-08,2025,3,March,Mar,2025-03,Q1,2025-Q1,8,Saturday,6,1,FY2024-25,FQ4,12
20250309,2025-03-09,2025,3,March,Mar,2025-03,Q1,2025-Q1,9,Sunday,7,1,FY2024-25,FQ4,12
20250310,2025-03-10,2025,3,March,Mar,2025-03,Q1,2025-Q1,10,Monday,1,0,FY2024-25,FQ4,12
20250311,2025-03-11,2025,3,March,Mar,2025-03,Q1,2025-Q1,11,Tuesday,2,0,FY2024-25,FQ4,12
20250312,2025-03-12,2025,3,March,Mar,2025-03,Q1,2025-Q1,12,Wednesday,3,0,FY2024-25,FQ4,12
20250313,2025-03-13,2025,3,March,Mar,2025-03,Q1,2025-Q1,13,Thursday,4,0,FY2024-25,FQ4,12
20250314,2025-03-14,2025,3,March,Mar,2025-03,Q1,2025-Q1,14,Friday,5,0,FY2024-25,FQ4,12
20250315,2025-03-15,2025,3,March,Mar,2025-03,Q1,2025-Q1,15,Saturday,6,1,FY2024-25,FQ4,12
20250316,2025-03-16,2025,3,March,Mar,2025-03,Q1,2025-Q1,16,Sunday,7,1,FY2024-25,FQ4,12
20250317,2025-03-17,2025,3,March,Mar,2025-03,Q1,2025-Q1,17,Monday,1,0,FY2024-25,FQ4,12
20250318,2025-03-18,2025,3,March,Mar,2025-03,Q1,2025-Q1,18,Tuesday,2,0,FY2024-25,FQ4,12
20250319,2025-03-19,2025,3,March,Mar,2025-03,Q1,2025-Q1,19,Wednesday,3,0,FY2024-25,FQ4,12
20250320,2025-03-20,2025,3,March,Mar,2025-03,Q1,2025-Q1,20,Thursday,4,0,FY2024-25,FQ4,12
20250321,2025-03-21,2025,3,March,Mar,2025-03,Q1,2025-Q1,21,Friday,5,0,FY2024-25,FQ4,12
20250322,2025-03-22,2025,3,March,Mar,2025-03,Q1,2025-Q1,22,Saturday,6,1,FY2024-25,FQ4,12
20250323,2025-03-23,2025,3,March,Mar,2025-03,Q1,2025-Q1,23,Sunday,7,1,FY2024-25,FQ4,12
20250324,2025-03-24,2025,3,March,Mar,2025-03,Q1,2025-Q1,24,Monday,1,0,FY2024-25,FQ4,12
20250325,2025-03-25,2025,3,March,Mar,2025-03,Q1,2025-Q1,25,Tuesday,2,0,FY2024-25,FQ4,12
20250326,2025-03-26,2025,3,March,Mar,2025-03,Q1,2025-Q1,26,Wednesday,3,0,FY2024-25,FQ4,12
20250327,2025-03-27,2025,3,March,Mar,2025-03,Q1,2025-Q1,27,Thursday,4,0,FY2024-25,FQ4,12
20250328,2025-03-28,2025,3,March,Mar,2025-03,Q1,2025-Q1,28,Friday,5,0,FY2024-25,FQ4,12
20250329,2025-03-29,2025,3,March,Mar,2025-03,Q1,2025-Q1,29,Saturday,6,1,FY2024-25,FQ4,12
20250330,2025-03-30,2025,3,March,Mar,2025-03,Q1,2025-Q1,30,Sunday,7,1,FY2024-25,FQ4,12
20250331,2025-03-31,2025,3,March,Mar,2025-03,Q1,2025-Q1,31,Monday,1,0,FY2024-25,FQ4,12
20250401,2025-04-01,2025,4,April,Apr,2025-04,Q2,2025-Q2,1,Tuesday,2,0,FY2025-26,FQ1,1
20250402,2025-04-02,2025,4,April,Apr,2025-04,Q2,2025-Q2,2,Wednesday,3,0,FY2025-26,FQ1,1
20250403,2025-04-03,2025,4,April,Apr,2025-04,Q2,2025-Q2,3,Thursday,4,0,FY2025-26,FQ1,1
20250404,2025-04-04,2025,4,April,Apr,2025-04,Q2,2025-Q2,4,Friday,5,0,FY2025-26,FQ1,1
20250405,2025-04-05,2025,4,April,Apr,2025-04,Q2,2025-Q2,5,Saturday,6,1,FY2025-26,FQ1,1
20250406,2025-04-06,2025,4,April,Apr,2025-04,Q2,2025-Q2,6,Sunday,7,1,FY2025-26,FQ1,1
20250407,2025-04-07,2025,4,April,Apr,2025-04,Q2,2025-Q2,7,Monday,1,0,FY2025-26,FQ1,1
20250408,2025-04-08,2025,4,April,Apr,2025-04,Q2,2025-Q2,8,Tuesday,2,0,FY2025-26,FQ1,1
20250409,2025-04-09,2025,4,April,Apr,2025-04,Q2,2025-Q2,9,Wednesday,3,0,FY2025-26,FQ1,1
20250410,2025-04-10,2025,4,April,Apr,2025-04,Q2,2025-Q2,10,Thursday,4,0,FY2025-26,FQ1,1
20250411,2025-04-11,2025,4,April,Apr,2025-04,Q2,2025-Q2,11,Friday,5,0,FY2025-26,FQ1,1
20250412,2025-04-12,2025,4,April,Apr,2025-04,Q2,2025-Q2,12,Saturday,6,1,FY2025-26,FQ1,1
20250413,2025-04-13,2025,4,April,Apr,2025-04,Q2,2025-Q2,13,Sunday,7,1,FY2025-26,FQ1,1
20250414,2025-04-14,2025,4,April,Apr,2025-04,Q2,2025-Q2,14,Monday,1,0,FY2025-26,FQ1,1
20250415,2025-04-15,2025,4,April,Apr,2025-04,Q2,2025-Q2,15,Tuesday,2,0,FY2025-26,FQ1,1
20250416,2025-04-16,2025,4,April,Apr,2025-04,Q2,2025-Q2,16,Wednesday,3,0,FY2025-26,FQ1,1
20250417,2025-04-17,2025,4,April,Apr,2025-04,Q2,2025-Q2,17,Thursday,4,0,FY2025-26,FQ1,1
20250418,2025-04-18,2025,4,April,Apr,2025-04,Q2,2025-Q2,18,Friday,5,0,FY2025-26,FQ1,1
20250419,2025-04-19,2025,4,April,Apr,2025-04,Q2,2025-Q2,19,Saturday,6,1,FY2025-26,FQ1,1
20250420,2025-04-20,2025,4,April,Apr,2025-04,Q2,2025-Q2,20,Sunday,7,1,FY2025-26,FQ1,1
20250421,2025-04-21,2025,4,April,Apr,2025-04,Q2,2025-Q2,21,Monday,1,0,FY2025-26,FQ1,1
20250422,2025-04-22,2025,4,April,Apr,2025-04,Q2,2025-Q2,22,Tuesday,2,0,FY2025-26,FQ1,1
20250423,2025-04-23,2025,4,April,Apr,2025-04,Q2,2025-Q2,23,Wednesday,3,0,FY2025-26,FQ1,1
20250424,2025-04-24,2025,4,April,Apr,2025-04,Q2,2025-Q2,24,Thursday,4,0,FY2025-26,FQ1,1
20250425,2025-04-25,2025,4,April,Apr,2025-04,Q2,2025-Q2,25,Friday,5,0,FY2025-26,FQ1,1
20250426,2025-04-26,2025,4,April,Apr,2025-04,Q2,2025-Q2,26,Saturday,6,1,FY2025-26,FQ1,1
20250427,2025-04-27,2025,4,April,Apr,2025-04,Q2,2025-Q2,27,Sunday,7,1,FY2025-26,FQ1,1
20250428,2025-04-28,2025,4,April,Apr,2025-04,Q2,2025-Q2,28,Monday,1,0,FY2025-26,FQ1,1
20250429,2025-04-29,2025,4,April,Apr,2025-04,Q2,2025-Q2,29,Tuesday,2,0,FY2025-26,FQ1,1
20250430,2025-04-30,2025,4,April,Apr,2025-04,Q2,2025-Q2,30,Wednesday,3,0,FY2025-26,FQ1,1
20250501,2025-05-01,2025,5,May,May,2025-05,Q2,2025-Q2,1,Thursday,4,0,FY2025-26,FQ1,2
20250502,2025-05-02,2025,5,May,May,2025-05,Q2,2025-Q2,2,Friday,5,0,FY2025-26,FQ1,2
20250503,2025-05-03,2025,5,May,May,2025-05,Q2,2025-Q2,3,Saturday,6,1,FY2025-26,FQ1,2
20250504,2025-05-04,2025,5,May,May,2025-05,Q2,2025-Q2,4,Sunday,7,1,FY2025-26,FQ1,2
20250505,2025-05-05,2025,5,May,May,2025-05,Q2,2025-Q2,5,Monday,1,0,FY2025-26,FQ1,2
20250506,2025-05-06,2025,5,May,May,2025-05,Q2,2025-Q2,6,Tuesday,2,0,FY2025-26,FQ1,2
20250507,2025-05-07,2025,5,May,May,2025-05,Q2,2025-Q2,7,Wednesday,3,0,FY2025-26,FQ1,2
20250508,2025-05-08,2025,5,May,May,2025-05,Q2,2025-Q2,8,Thursday,4,0,FY2025-26,FQ1,2
20250509,2025-05-09,2025,5,May,May,2025-05,Q2,2025-Q2,9,Friday,5,0,FY2025-26,FQ1,2
20250510,2025-05-10,2025,5,May,May,2025-05,Q2,2025-Q2,10,Saturday,6,1,FY2025-26,FQ1,2
20250511,2025-05-11,2025,5,May,May,2025-05,Q2,2025-Q2,11,Sunday,7,1,FY2025-26,FQ1,2
20250512,2025-05-12,2025,5,May,May,2025-05,Q2,2025-Q2,12,Monday,1,0,FY2025-26,FQ1,2
20250513,2025-05-13,2025,5,May,May,2025-05,Q2,2025-Q2,13,Tuesday,2,0,FY2025-26,FQ1,2
20250514,2025-05-14,2025,5,May,May,2025-05,Q2,2025-Q2,14,Wednesday,3,0,FY2025-26,FQ1,2
20250515,2025-05-15,2025,5,May,May,2025-05,Q2,2025-Q2,15,Thursday,4,0,FY2025-26,FQ1,2
20250516,2025-05-16,2025,5,May,May,2025-05,Q2,2025-Q2,16,Friday,5,0,FY2025-26,FQ1,2
20250517,2025-05-17,2025,5,May,May,2025-05,Q2,2025-Q2,17,Saturday,6,1,FY2025-26,FQ1,2
20250518,2025-05-18,2025,5,May,May,2025-05,Q2,2025-Q2,18,Sunday,7,1,FY2025-26,FQ1,2
20250519,2025-05-19,2025,5,May,May,2025-05,Q2,2025-Q2,19,Monday,1,0,FY2025-26,FQ1,2
20250520,2025-05-20,2025,5,May,May,2025-05,Q2,2025-Q2,20,Tuesday,2,0,FY2025-26,FQ1,2
20250521,2025-05-21,2025,5,May,May,2025-05,Q2,2025-Q2,21,Wednesday,3,0,FY2025-26,FQ1,2
20250522,2025-05-22,2025,5,May,May,2025-05,Q2,2025-Q2,22,Thursday,4,0,FY2025-26,FQ1,2
20250523,2025-05-23,2025,5,May,May,2025-05,Q2,2025-Q2,23,Friday,5,0,FY2025-26,FQ1,2
20250524,2025-05-24,2025,5,May,May,2025-05,Q2,2025-Q2,24,Saturday,6,1,FY2025-26,FQ1,2
20250525,2025-05-25,2025,5,May,May,2025-05,Q2,2025-Q2,25,Sunday,7,1,FY2025-26,FQ1,2
20250526,2025-05-26,2025,5,May,May,2025-05,Q2,2025-Q2,26,Monday,1,0,FY2025-26,FQ1,2
20250527,2025-05-27,2025,5,May,May,2025-05,Q2,2025-Q2,27,Tuesday,2,0,FY2025-26,FQ1,2
20250528,2025-05-28,2025,5,May,May,2025-05,Q2,2025-Q2,28,Wednesday,3,0,FY2025-26,FQ1,2
20250529,2025-05-29,2025,5,May,May,2025-05,Q2,2025-Q2,29,Thursday,4,0,FY2025-26,FQ1,2
20250530,2025-05-30,2025,5,May,May,2025-05,Q2,2025-Q2,30,Friday,5,0,FY2025-26,FQ1,2
20250531,2025-05-31,2025,5,May,May,2025-05,Q2,2025-Q2,31,Saturday,6,1,FY2025-26,FQ1,2
20250601,2025-06-01,2025,6,June,Jun,2025-06,Q2,2025-Q2,1,Sunday,7,1,FY2025-26,FQ1,3
20250602,2025-06-02,2025,6,June,Jun,2025-06,Q2,2025-Q2,2,Monday,1,0,FY2025-26,FQ1,3
20250603,2025-06-03,2025,6,June,Jun,2025-06,Q2,2025-Q2,3,Tuesday,2,0,FY2025-26,FQ1,3
20250604,2025-06-04,2025,6,June,Jun,2025-06,Q2,2025-Q2,4,Wednesday,3,0,FY2025-26,FQ1,3
20250605,2025-06-05,2025,6,June,Jun,2025-06,Q2,2025-Q2,5,Thursday,4,0,FY2025-26,FQ1,3
20250606,2025-06-06,2025,6,June,Jun,2025-06,Q2,2025-Q2,6,Friday,5,0,FY2025-26,FQ1,3
20250607,2025-06-07,2025,6,June,Jun,2025-06,Q2,2025-Q2,7,Saturday,6,1,FY2025-26,FQ1,3
20250608,2025-06-08,2025,6,June,Jun,2025-06,Q2,2025-Q2,8,Sunday,7,1,FY2025-26,FQ1,3
20250609,2025-06-09,2025,6,June,Jun,2025-06,Q2,2025-Q2,9,Monday,1,0,FY2025-26,FQ1,3
20250610,2025-06-10,2025,6,June,Jun,2025-06,Q2,2025-Q2,10,Tuesday,2,0,FY2025-26,FQ1,3
20250611,2025-06-11,2025,6,June,Jun,2025-06,Q2,2025-Q2,11,Wednesday,3,0,FY2025-26,FQ1,3
20250612,2025-06-12,2025,6,June,Jun,2025-06,Q2,2025-Q2,12,Thursday,4,0,FY2025-26,FQ1,3
20250613,2025-06-13,2025,6,June,Jun,2025-06,Q2,2025-Q2,13,Friday,5,0,FY2025-26,FQ1,3
20250614,2025-06-14,2025,6,June,Jun,2025-06,Q2,2025-Q2,14,Saturday,6,1,FY2025-26,FQ1,3
20250615,2025-06-15,2025,6,June,Jun,2025-06,Q2,2025-Q2,15,Sunday,7,1,FY2025-26,FQ1,3
20250616,2025-06-16,2025,6,June,Jun,2025-06,Q2,2025-Q2,16,Monday,1,0,FY2025-26,FQ1,3
20250617,2025-06-17,2025,6,June,Jun,2025-06,Q2,2025-Q2,17,Tuesday,2,0,FY2025-26,FQ1,3
20250618,2025-06-18,2025,6,June,Jun,2025-06,Q2,2025-Q2,18,Wednesday,3,0,FY2025-26,FQ1,3
20250619,2025-06-19,2025,6,June,Jun,2025-06,Q2,2025-Q2,19,Thursday,4,0,FY2025-26,FQ1,3
20250620,2025-06-20,2025,6,June,Jun,2025-06,Q2,2025-Q2,20,Friday,5,0,FY2025-26,FQ1,3
20250621,2025-06-21,2025,6,June,Jun,2025-06,Q2,2025-Q2,21,Saturday,6,1,FY2025-26,FQ1,3
20250622,2025-06-22,2025,6,June,Jun,2025-06,Q2,2025-Q2,22,Sunday,7,1,FY2025-26,FQ1,3
20250623,2025-06-23,2025,6,June,Jun,2025-06,Q2,2025-Q2,23,Monday,1,0,FY2025-26,FQ1,3
20250624,2025-06-24,2025,6,June,Jun,2025-06,Q2,2025-Q2,24,Tuesday,2,0,FY2025-26,FQ1,3
20250625,2025-06-25,2025,6,June,Jun,2025-06,Q2,2025-Q2,25,Wednesday,3,0,FY2025-26,FQ1,3
20250626,2025-06-26,2025,6,June,Jun,2025-06,Q2,2025-Q2,26,Thursday,4,0,FY2025-26,FQ1,3
20250627,2025-06-27,2025,6,June,Jun,2025-06,Q2,2025-Q2,27,Friday,5,0,FY2025-26,FQ1,3
20250628,2025-06-28,2025,6,June,Jun,2025-06,Q2,2025-Q2,28,Saturday,6,1,FY2025-26,FQ1,3
20250629,2025-06-29,2025,6,June,Jun,2025-06,Q2,2025-Q2,29,Sunday,7,1,FY2025-26,FQ1,3
20250630,2025-06-30,2025,6,June,Jun,2025-06,Q2,2025-Q2,30,Monday,1,0,FY2025-26,FQ1,3
20250701,2025-07-01,2025,7,July,Jul,2025-07,Q3,2025-Q3,1,Tuesday,2,0,FY2025-26,FQ2,4
20250702,2025-07-02,2025,7,July,Jul,2025-07,Q3,2025-Q3,2,Wednesday,3,0,FY2025-26,FQ2,4
20250703,2025-07-03,2025,7,July,Jul,2025-07,Q3,2025-Q3,3,Thursday,4,0,FY2025-26,FQ2,4
20250704,2025-07-04,2025,7,July,Jul,2025-07,Q3,2025-Q3,4,Friday,5,0,FY2025-26,FQ2,4
20250705,2025-07-05,2025,7,July,Jul,2025-07,Q3,2025-Q3,5,Saturday,6,1,FY2025-26,FQ2,4
20250706,2025-07-06,2025,7,July,Jul,2025-07,Q3,2025-Q3,6,Sunday,7,1,FY2025-26,FQ2,4
20250707,2025-07-07,2025,7,July,Jul,2025-07,Q3,2025-Q3,7,Monday,1,0,FY2025-26,FQ2,4
20250708,2025-07-08,2025,7,July,Jul,2025-07,Q3,2025-Q3,8,Tuesday,2,0,FY2025-26,FQ2,4
20250709,2025-07-09,2025,7,July,Jul,2025-07,Q3,2025-Q3,9,Wednesday,3,0,FY2025-26,FQ2,4
20250710,2025-07-10,2025,7,July,Jul,2025-07,Q3,2025-Q3,10,Thursday,4,0,FY2025-26,FQ2,4
20250711,2025-07-11,2025,7,July,Jul,2025-07,Q3,2025-Q3,11,Friday,5,0,FY2025-26,FQ2,4
20250712,2025-07-12,2025,7,July,Jul,2025-07,Q3,2025-Q3,12,Saturday,6,1,FY2025-26,FQ2,4
20250713,2025-07-13,2025,7,July,Jul,2025-07,Q3,2025-Q3,13,Sunday,7,1,FY2025-26,FQ2,4
20250714,2025-07-14,2025,7,July,Jul,2025-07,Q3,2025-Q3,14,Monday,1,0,FY2025-26,FQ2,4
20250715,2025-07-15,2025,7,July,Jul,2025-07,Q3,2025-Q3,15,Tuesday,2,0,FY2025-26,FQ2,4
20250716,2025-07-16,2025,7,July,Jul,2025-07,Q3,2025-Q3,16,Wednesday,3,0,FY2025-26,FQ2,4
20250717,2025-07-17,2025,7,July,Jul,2025-07,Q3,2025-Q3,17,Thursday,4,0,FY2025-26,FQ2,4
20250718,2025-07-18,2025,7,July,Jul,2025-07,Q3,2025-Q3,18,Friday,5,0,FY2025-26,FQ2,4
20250719,2025-07-19,2025,7,July,Jul,2025-07,Q3,2025-Q3,19,Saturday,6,1,FY2025-26,FQ2,4
20250720,2025-07-20,2025,7,July,Jul,2025-07,Q3,2025-Q3,20,Sunday,7,1,FY2025-26,FQ2,4
20250721,2025-07-21,2025,7,July,Jul,2025-07,Q3,2025-Q3,21,Monday,1,0,FY2025-26,FQ2,4
20250722,2025-07-22,2025,7,July,Jul,2025-07,Q3,2025-Q3,22,Tuesday,2,0,FY2025-26,FQ2,4
20250723,2025-07-23,2025,7,July,Jul,2025-07,Q3,2025-Q3,23,Wednesday,3,0,FY2025-26,FQ2,4
20250724,2025-07-24,2025,7,July,Jul,2025-07,Q3,2025-Q3,24,Thursday,4,0,FY2025-26,FQ2,4
20250725,2025-07-25,2025,7,July,Jul,2025-07,Q3,2025-Q3,25,Friday,5,0,FY2025-26,FQ2,4
20250726,2025-07-26,2025,7,July,Jul,2025-07,Q3,2025-Q3,26,Saturday,6,1,FY2025-26,FQ2,4
20250727,2025-07-27,2025,7,July,Jul,2025-07,Q3,2025-Q3,27,Sunday,7,1,FY2025-26,FQ2,4
20250728,2025-07-28,2025,7,July,Jul,2025-07,Q3,2025-Q3,28,Monday,1,0,FY2025-26,FQ2,4
20250729,2025-07-29,2025,7,July,Jul,2025-07,Q3,2025-Q3,29,Tuesday,2,0,FY2025-26,FQ2,4
20250730,2025-07-30,2025,7,July,Jul,2025-07,Q3,2025-Q3,30,Wednesday,3,0,FY2025-26,FQ2,4
20250731,2025-07-31,2025,7,July,Jul,2025-07,Q3,2025-Q3,31,Thursday,4,0,FY2025-26,FQ2,4
20250801,2025-08-01,2025,8,August,Aug,2025-08,Q3,2025-Q3,1,Friday,5,0,FY2025-26,FQ2,5
20250802,2025-08-02,2025,8,August,Aug,2025-08,Q3,2025-Q3,2,Saturday,6,1,FY2025-26,FQ2,5
20250803,2025-08-03,2025,8,August,Aug,2025-08,Q3,2025-Q3,3,Sunday,7,1,FY2025-26,FQ2,5
20250804,2025-08-04,2025,8,August,Aug,2025-08,Q3,2025-Q3,4,Monday,1,0,FY2025-26,FQ2,5
20250805,2025-08-05,2025,8,August,Aug,2025-08,Q3,2025-Q3,5,Tuesday,2,0,FY2025-26,FQ2,5
20250806,2025-08-06,2025,8,August,Aug,2025-08,Q3,2025-Q3,6,Wednesday,3,0,FY2025-26,FQ2,5
20250807,2025-08-07,2025,8,August,Aug,2025-08,Q3,2025-Q3,7,Thursday,4,0,FY2025-26,FQ2,5
20250808,2025-08-08,2025,8,August,Aug,2025-08,Q3,2025-Q3,8,Friday,5,0,FY2025-26,FQ2,5
20250809,2025-08-09,2025,8,August,Aug,2025-08,Q3,2025-Q3,9,Saturday,6,1,FY2025-26,FQ2,5
20250810,2025-08-10,2025,8,August,Aug,2025-08,Q3,2025-Q3,10,Sunday,7,1,FY2025-26,FQ2,5
20250811,2025-08-11,2025,8,August,Aug,2025-08,Q3,2025-Q3,11,Monday,1,0,FY2025-26,FQ2,5
20250812,2025-08-12,2025,8,August,Aug,2025-08,Q3,2025-Q3,12,Tuesday,2,0,FY2025-26,FQ2,5
20250813,2025-08-13,2025,8,August,Aug,2025-08,Q3,2025-Q3,13,Wednesday,3,0,FY2025-26,FQ2,5
20250814,2025-08-14,2025,8,August,Aug,2025-08,Q3,2025-Q3,14,Thursday,4,0,FY2025-26,FQ2,5
20250815,2025-08-15,2025,8,August,Aug,2025-08,Q3,2025-Q3,15,Friday,5,0,FY2025-26,FQ2,5
20250816,2025-08-16,2025,8,August,Aug,2025-08,Q3,2025-Q3,16,Saturday,6,1,FY2025-26,FQ2,5
20250817,2025-08-17,2025,8,August,Aug,2025-08,Q3,2025-Q3,17,Sunday,7,1,FY2025-26,FQ2,5
20250818,2025-08-18,2025,8,August,Aug,2025-08,Q3,2025-Q3,18,Monday,1,0,FY2025-26,FQ2,5
20250819,2025-08-19,2025,8,August,Aug,2025-08,Q3,2025-Q3,19,Tuesday,2,0,FY2025-26,FQ2,5
20250820,2025-08-20,2025,8,August,Aug,2025-08,Q3,2025-Q3,20,Wednesday,3,0,FY2025-26,FQ2,5
20250821,2025-08-21,2025,8,August,Aug,2025-08,Q3,2025-Q3,21,Thursday,4,0,FY2025-26,FQ2,5
20250822,2025-08-22,2025,8,August,Aug,2025-08,Q3,2025-Q3,22,Friday,5,0,FY2025-26,FQ2,5
20250823,2025-08-23,2025,8,August,Aug,2025-08,Q3,2025-Q3,23,Saturday,6,1,FY2025-26,FQ2,5
20250824,2025-08-24,2025,8,August,Aug,2025-08,Q3,2025-Q3,24,Sunday,7,1,FY2025-26,FQ2,5
20250825,2025-08-25,2025,8,August,Aug,2025-08,Q3,2025-Q3,25,Monday,1,0,FY2025-26,FQ2,5
20250826,2025-08-26,2025,8,August,Aug,2025-08,Q3,2025-Q3,26,Tuesday,2,0,FY2025-26,FQ2,5
20250827,2025-08-27,2025,8,August,Aug,2025-08,Q3,2025-Q3,27,Wednesday,3,0,FY2025-26,FQ2,5
20250828,2025-08-28,2025,8,August,Aug,2025-08,Q3,2025-Q3,28,Thursday,4,0,FY2025-26,FQ2,5
20250829,2025-08-29,2025,8,August,Aug,2025-08,Q3,2025-Q3,29,Friday,5,0,FY2025-26,FQ2,5
20250830,2025-08-30,2025,8,August,Aug,2025-08,Q3,2025-Q3,30,Saturday,6,1,FY2025-26,FQ2,5
20250831,2025-08-31,2025,8,August,Aug,2025-08,Q3,2025-Q3,31,Sunday,7,1,FY2025-26,FQ2,5
20250901,2025-09-01,2025,9,September,Sep,2025-09,Q3,2025-Q3,1,Monday,1,0,FY2025-26,FQ2,6
20250902,2025-09-02,2025,9,September,Sep,2025-09,Q3,2025-Q3,2,Tuesday,2,0,FY2025-26,FQ2,6
20250903,2025-09-03,2025,9,September,Sep,2025-09,Q3,2025-Q3,3,Wednesday,3,0,FY2025-26,FQ2,6
20250904,2025-09-04,2025,9,September,Sep,2025-09,Q3,2025-Q3,4,Thursday,4,0,FY2025-26,FQ2,6
20250905,2025-09-05,2025,9,September,Sep,2025-09,Q3,2025-Q3,5,Friday,5,0,FY2025-26,FQ2,6
20250906,2025-09-06,2025,9,September,Sep,2025-09,Q3,2025-Q3,6,Saturday,6,1,FY2025-26,FQ2,6
20250907,2025-09-07,2025,9,September,Sep,2025-09,Q3,2025-Q3,7,Sunday,7,1,FY2025-26,FQ2,6
20250908,2025-09-08,2025,9,September,Sep,2025-09,Q3,2025-Q3,8,Monday,1,0,FY2025-26,FQ2,6
20250909,2025-09-09,2025,9,September,Sep,2025-09,Q3,2025-Q3,9,Tuesday,2,0,FY2025-26,FQ2,6
20250910,2025-09-10,2025,9,September,Sep,2025-09,Q3,2025-Q3,10,Wednesday,3,0,FY2025-26,FQ2,6
20250911,2025-09-11,2025,9,September,Sep,2025-09,Q3,2025-Q3,11,Thursday,4,0,FY2025-26,FQ2,6
20250912,2025-09-12,2025,9,September,Sep,2025-09,Q3,2025-Q3,12,Friday,5,0,FY2025-26,FQ2,6
20250913,2025-09-13,2025,9,September,Sep,2025-09,Q3,2025-Q3,13,Saturday,6,1,FY2025-26,FQ2,6
20250914,2025-09-14,2025,9,September,Sep,2025-09,Q3,2025-Q3,14,Sunday,7,1,FY2025-26,FQ2,6
20250915,2025-09-15,2025,9,September,Sep,2025-09,Q3,2025-Q3,15,Monday,1,0,FY2025-26,FQ2,6
20250916,2025-09-16,2025,9,September,Sep,2025-09,Q3,2025-Q3,16,Tuesday,2,0,FY2025-26,FQ2,6
20250917,2025-09-17,2025,9,September,Sep,2025-09,Q3,2025-Q3,17,Wednesday,3,0,FY2025-26,FQ2,6
20250918,2025-09-18,2025,9,September,Sep,2025-09,Q3,2025-Q3,18,Thursday,4,0,FY2025-26,FQ2,6
20250919,2025-09-19,2025,9,September,Sep,2025-09,Q3,2025-Q3,19,Friday,5,0,FY2025-26,FQ2,6
20250920,2025-09-20,2025,9,September,Sep,2025-09,Q3,2025-Q3,20,Saturday,6,1,FY2025-26,FQ2,6
20250921,2025-09-21,2025,9,September,Sep,2025-09,Q3,2025-Q3,21,Sunday,7,1,FY2025-26,FQ2,6
20250922,2025-09-22,2025,9,September,Sep,2025-09,Q3,2025-Q3,22,Monday,1,0,FY2025-26,FQ2,6
20250923,2025-09-23,2025,9,September,Sep,2025-09,Q3,2025-Q3,23,Tuesday,2,0,FY2025-26,FQ2,6
20250924,2025-09-24,2025,9,September,Sep,2025-09,Q3,2025-Q3,24,Wednesday,3,0,FY2025-26,FQ2,6
20250925,2025-09-25,2025,9,September,Sep,2025-09,Q3,2025-Q3,25,Thursday,4,0,FY2025-26,FQ2,6
20250926,2025-09-26,2025,9,September,Sep,2025-09,Q3,2025-Q3,26,Friday,5,0,FY2025-26,FQ2,6
20250927,2025-09-27,2025,9,September,Sep,2025-09,Q3,2025-Q3,27,Saturday,6,1,FY2025-26,FQ2,6
20250928,2025-09-28,2025,9,September,Sep,2025-09,Q3,2025-Q3,28,Sunday,7,1,FY2025-26,FQ2,6
20250929,2025-09-29,2025,9,September,Sep,2025-09,Q3,2025-Q3,29,Monday,1,0,FY2025-26,FQ2,6
20250930,2025-09-30,2025,9,September,Sep,2025-09,Q3,2025-Q3,30,Tuesday,2,0,FY2025-26,FQ2,6
20251001,2025-10-01,2025,10,October,Oct,2025-10,Q4,2025-Q4,1,Wednesday,3,0,FY2025-26,FQ3,7
20251002,2025-10-02,2025,10,October,Oct,2025-10,Q4,2025-Q4,2,Thursday,4,0,FY2025-26,FQ3,7
20251003,2025-10-03,2025,10,October,Oct,2025-10,Q4,2025-Q4,3,Friday,5,0,FY2025-26,FQ3,7
20251004,2025-10-04,2025,10,October,Oct,2025-10,Q4,2025-Q4,4,Saturday,6,1,FY2025-26,FQ3,7
20251005,2025-10-05,2025,10,October,Oct,2025-10,Q4,2025-Q4,5,Sunday,7,1,FY2025-26,FQ3,7
20251006,2025-10-06,2025,10,October,Oct,2025-10,Q4,2025-Q4,6,Monday,1,0,FY2025-26,FQ3,7
20251007,2025-10-07,2025,10,October,Oct,2025-10,Q4,2025-Q4,7,Tuesday,2,0,FY2025-26,FQ3,7
20251008,2025-10-08,2025,10,October,Oct,2025-10,Q4,2025-Q4,8,Wednesday,3,0,FY2025-26,FQ3,7
20251009,2025-10-09,2025,10,October,Oct,2025-10,Q4,2025-Q4,9,Thursday,4,0,FY2025-26,FQ3,7
20251010,2025-10-10,2025,10,October,Oct,2025-10,Q4,2025-Q4,10,Friday,5,0,FY2025-26,FQ3,7
20251011,2025-10-11,2025,10,October,Oct,2025-10,Q4,2025-Q4,11,Saturday,6,1,FY2025-26,FQ3,7
20251012,2025-10-12,2025,10,October,Oct,2025-10,Q4,2025-Q4,12,Sunday,7,1,FY2025-26,FQ3,7
20251013,2025-10-13,2025,10,October,Oct,2025-10,Q4,2025-Q4,13,Monday,1,0,FY2025-26,FQ3,7
20251014,2025-10-14,2025,10,October,Oct,2025-10,Q4,2025-Q4,14,Tuesday,2,0,FY2025-26,FQ3,7
20251015,2025-10-15,2025,10,October,Oct,2025-10,Q4,2025-Q4,15,Wednesday,3,0,FY2025-26,FQ3,7
20251016,2025-10-16,2025,10,October,Oct,2025-10,Q4,2025-Q4,16,Thursday,4,0,FY2025-26,FQ3,7
20251017,2025-10-17,2025,10,October,Oct,2025-10,Q4,2025-Q4,17,Friday,5,0,FY2025-26,FQ3,7
20251018,2025-10-18,2025,10,October,Oct,2025-10,Q4,2025-Q4,18,Saturday,6,1,FY2025-26,FQ3,7
20251019,2025-10-19,2025,10,October,Oct,2025-10,Q4,2025-Q4,19,Sunday,7,1,FY2025-26,FQ3,7
20251020,2025-10-20,2025,10,October,Oct,2025-10,Q4,2025-Q4,20,Monday,1,0,FY2025-26,FQ3,7
20251021,2025-10-21,2025,10,October,Oct,2025-10,Q4,2025-Q4,21,Tuesday,2,0,FY2025-26,FQ3,7
20251022,2025-10-22,2025,10,October,Oct,2025-10,Q4,2025-Q4,22,Wednesday,3,0,FY2025-26,FQ3,7
20251023,2025-10-23,2025,10,October,Oct,2025-10,Q4,2025-Q4,23,Thursday,4,0,FY2025-26,FQ3,7
20251024,2025-10-24,2025,10,October,Oct,2025-10,Q4,2025-Q4,24,Friday,5,0,FY2025-26,FQ3,7
20251025,2025-10-25,2025,10,October,Oct,2025-10,Q4,2025-Q4,25,Saturday,6,1,FY2025-26,FQ3,7
20251026,2025-10-26,2025,10,October,Oct,2025-10,Q4,2025-Q4,26,Sunday,7,1,FY2025-26,FQ3,7
20251027,2025-10-27,2025,10,October,Oct,2025-10,Q4,2025-Q4,27,Monday,1,0,FY2025-26,FQ3,7
20251028,2025-10-28,2025,10,October,Oct,2025-10,Q4,2025-Q4,28,Tuesday,2,0,FY2025-26,FQ3,7
20251029,2025-10-29,2025,10,October,Oct,2025-10,Q4,2025-Q4,29,Wednesday,3,0,FY2025-26,FQ3,7
20251030,2025-10-30,2025,10,October,Oct,2025-10,Q4,2025-Q4,30,Thursday,4,0,FY2025-26,FQ3,7
20251031,2025-10-31,2025,10,October,Oct,2025-10,Q4,2025-Q4,31,Friday,5,0,FY2025-26,FQ3,7
20251101,2025-11-01,2025,11,November,Nov,2025-11,Q4,2025-Q4,1,Saturday,6,1,FY2025-26,FQ3,8
20251102,2025-11-02,2025,11,November,Nov,2025-11,Q4,2025-Q4,2,Sunday,7,1,FY2025-26,FQ3,8
20251103,2025-11-03,2025,11,November,Nov,2025-11,Q4,2025-Q4,3,Monday,1,0,FY2025-26,FQ3,8
20251104,2025-11-04,2025,11,November,Nov,2025-11,Q4,2025-Q4,4,Tuesday,2,0,FY2025-26,FQ3,8
20251105,2025-11-05,2025,11,November,Nov,2025-11,Q4,2025-Q4,5,Wednesday,3,0,FY2025-26,FQ3,8
20251106,2025-11-06,2025,11,November,Nov,2025-11,Q4,2025-Q4,6,Thursday,4,0,FY2025-26,FQ3,8
20251107,2025-11-07,2025,11,November,Nov,2025-11,Q4,2025-Q4,7,Friday,5,0,FY2025-26,FQ3,8
20251108,2025-11-08,2025,11,November,Nov,2025-11,Q4,2025-Q4,8,Saturday,6,1,FY2025-26,FQ3,8
20251109,2025-11-09,2025,11,November,Nov,2025-11,Q4,2025-Q4,9,Sunday,7,1,FY2025-26,FQ3,8
20251110,2025-11-10,2025,11,November,Nov,2025-11,Q4,2025-Q4,10,Monday,1,0,FY2025-26,FQ3,8
20251111,2025-11-11,2025,11,November,Nov,2025-11,Q4,2025-Q4,11,Tuesday,2,0,FY2025-26,FQ3,8
20251112,2025-11-12,2025,11,November,Nov,2025-11,Q4,2025-Q4,12,Wednesday,3,0,FY2025-26,FQ3,8
20251113,2025-11-13,2025,11,November,Nov,2025-11,Q4,2025-Q4,13,Thursday,4,0,FY2025-26,FQ3,8
20251114,2025-11-14,2025,11,November,Nov,2025-11,Q4,2025-Q4,14,Friday,5,0,FY2025-26,FQ3,8
20251115,2025-11-15,2025,11,November,Nov,2025-11,Q4,2025-Q4,15,Saturday,6,1,FY2025-26,FQ3,8
20251116,2025-11-16,2025,11,November,Nov,2025-11,Q4,2025-Q4,16,Sunday,7,1,FY2025-26,FQ3,8
20251117,2025-11-17,2025,11,November,Nov,2025-11,Q4,2025-Q4,17,Monday,1,0,FY2025-26,FQ3,8
20251118,2025-11-18,2025,11,November,Nov,2025-11,Q4,2025-Q4,18,Tuesday,2,0,FY2025-26,FQ3,8
20251119,2025-11-19,2025,11,November,Nov,2025-11,Q4,2025-Q4,19,Wednesday,3,0,FY2025-26,FQ3,8
20251120,2025-11-20,2025,11,November,Nov,2025-11,Q4,2025-Q4,20,Thursday,4,0,FY2025-26,FQ3,8
20251121,2025-11-21,2025,11,November,Nov,2025-11,Q4,2025-Q4,21,Friday,5,0,FY2025-26,FQ3,8
20251122,2025-11-22,2025,11,November,Nov,2025-11,Q4,2025-Q4,22,Saturday,6,1,FY2025-26,FQ3,8
20251123,2025-11-23,2025,11,November,Nov,2025-11,Q4,2025-Q4,23,Sunday,7,1,FY2025-26,FQ3,8
20251124,2025-11-24,2025,11,November,Nov,2025-11,Q4,2025-Q4,24,Monday,1,0,FY2025-26,FQ3,8
20251125,2025-11-25,2025,11,November,Nov,2025-11,Q4,2025-Q4,25,Tuesday,2,0,FY2025-26,FQ3,8
20251126,2025-11-26,2025,11,November,Nov,2025-11,Q4,2025-Q4,26,Wednesday,3,0,FY2025-26,FQ3,8
20251127,2025-11-27,2025,11,November,Nov,2025-11,Q4,2025-Q4,27,Thursday,4,0,FY2025-26,FQ3,8
20251128,2025-11-28,2025,11,November,Nov,2025-11,Q4,2025-Q4,28,Friday,5,0,FY2025-26,FQ3,8
20251129,2025-11-29,2025,11,November,Nov,2025-11,Q4,2025-Q4,29,Saturday,6,1,FY2025-26,FQ3,8
20251130,2025-11-30,2025,11,November,Nov,2025-11,Q4,2025-Q4,30,Sunday,7,1,FY2025-26,FQ3,8
20251201,2025-12-01,2025,12,December,Dec,2025-12,Q4,2025-Q4,1,Monday,1,0,FY2025-26,FQ3,9
20251202,2025-12-02,2025,12,December,Dec,2025-12,Q4,2025-Q4,2,Tuesday,2,0,FY2025-26,FQ3,9
20251203,2025-12-03,2025,12,December,Dec,2025-12,Q4,2025-Q4,3,Wednesday,3,0,FY2025-26,FQ3,9
20251204,2025-12-04,2025,12,December,Dec,2025-12,Q4,2025-Q4,4,Thursday,4,0,FY2025-26,FQ3,9
20251205,2025-12-05,2025,12,December,Dec,2025-12,Q4,2025-Q4,5,Friday,5,0,FY2025-26,FQ3,9
20251206,2025-12-06,2025,12,December,Dec,2025-12,Q4,2025-Q4,6,Saturday,6,1,FY2025-26,FQ3,9
20251207,2025-12-07,2025,12,December,Dec,2025-12,Q4,2025-Q4,7,Sunday,7,1,FY2025-26,FQ3,9
20251208,2025-12-08,2025,12,December,Dec,2025-12,Q4,2025-Q4,8,Monday,1,0,FY2025-26,FQ3,9
20251209,2025-12-09,2025,12,December,Dec,2025-12,Q4,2025-Q4,9,Tuesday,2,0,FY2025-26,FQ3,9
20251210,2025-12-10,2025,12,December,Dec,2025-12,Q4,2025-Q4,10,Wednesday,3,0,FY2025-26,FQ3,9
20251211,2025-12-11,2025,12,December,Dec,2025-12,Q4,2025-Q4,11,Thursday,4,0,FY2025-26,FQ3,9
20251212,2025-12-12,2025,12,December,Dec,2025-12,Q4,2025-Q4,12,Friday,5,0,FY2025-26,FQ3,9
20251213,2025-12-13,2025,12,December,Dec,2025-12,Q4,2025-Q4,13,Saturday,6,1,FY2025-26,FQ3,9
20251214,2025-12-14,2025,12,December,Dec,2025-12,Q4,2025-Q4,14,Sunday,7,1,FY2025-26,FQ3,9
20251215,2025-12-15,2025,12,December,Dec,2025-12,Q4,2025-Q4,15,Monday,1,0,FY2025-26,FQ3,9
20251216,2025-12-16,2025,12,December,Dec,2025-12,Q4,2025-Q4,16,Tuesday,2,0,FY2025-26,FQ3,9
20251217,2025-12-17,2025,12,December,Dec,2025-12,Q4,2025-Q4,17,Wednesday,3,0,FY2025-26,FQ3,9
20251218,2025-12-18,2025,12,December,Dec,2025-12,Q4,2025-Q4,18,Thursday,4,0,FY2025-26,FQ3,9
20251219,2025-12-19,2025,12,December,Dec,2025-12,Q4,2025-Q4,19,Friday,5,0,FY2025-26,FQ3,9
20251220,2025-12-20,2025,12,December,Dec,2025-12,Q4,2025-Q4,20,Saturday,6,1,FY2025-26,FQ3,9
20251221,2025-12-21,2025,12,December,Dec,2025-12,Q4,2025-Q4,21,Sunday,7,1,FY2025-26,FQ3,9
20251222,2025-12-22,2025,12,December,Dec,2025-12,Q4,2025-Q4,22,Monday,1,0,FY2025-26,FQ3,9
20251223,2025-12-23,2025,12,December,Dec,2025-12,Q4,2025-Q4,23,Tuesday,2,0,FY2025-26,FQ3,9
20251224,2025-12-24,2025,12,December,Dec,2025-12,Q4,2025-Q4,24,Wednesday,3,0,FY2025-26,FQ3,9
20251225,2025-12-25,2025,12,December,Dec,2025-12,Q4,2025-Q4,25,Thursday,4,0,FY2025-26,FQ3,9
20251226,2025-12-26,2025,12,December,Dec,2025-12,Q4,2025-Q4,26,Friday,5,0,FY2025-26,FQ3,9
20251227,2025-12-27,2025,12,December,Dec,2025-12,Q4,2025-Q4,27,Saturday,6,1,FY2025-26,FQ3,9
20251228,2025-12-28,2025,12,December,Dec,2025-12,Q4,2025-Q4,28,Sunday,7,1,FY2025-26,FQ3,9
20251229,2025-12-29,2025,12,December,Dec,2025-12,Q4,2025-Q4,29,Monday,1,0,FY2025-26,FQ3,9
20251230,2025-12-30,2025,12,December,Dec,2025-12,Q4,2025-Q4,30,Tuesday,2,0,FY2025-26,FQ3,9
20251231,2025-12-31,2025,12,December,Dec,2025-12,Q4,2025-Q4,31,Wednesday,3,0,FY2025-26,FQ3,9
20260101,2026-01-01,2026,1,January,Jan,2026-01,Q1,2026-Q1,1,Thursday,4,0,FY2025-26,FQ4,10
20260102,2026-01-02,2026,1,January,Jan,2026-01,Q1,2026-Q1,2,Friday,5,0,FY2025-26,FQ4,10
20260103,2026-01-03,2026,1,January,Jan,2026-01,Q1,2026-Q1,3,Saturday,6,1,FY2025-26,FQ4,10
20260104,2026-01-04,2026,1,January,Jan,2026-01,Q1,2026-Q1,4,Sunday,7,1,FY2025-26,FQ4,10
20260105,2026-01-05,2026,1,January,Jan,2026-01,Q1,2026-Q1,5,Monday,1,0,FY2025-26,FQ4,10
20260106,2026-01-06,2026,1,January,Jan,2026-01,Q1,2026-Q1,6,Tuesday,2,0,FY2025-26,FQ4,10
20260107,2026-01-07,2026,1,January,Jan,2026-01,Q1,2026-Q1,7,Wednesday,3,0,FY2025-26,FQ4,10
20260108,2026-01-08,2026,1,January,Jan,2026-01,Q1,2026-Q1,8,Thursday,4,0,FY2025-26,FQ4,10
20260109,2026-01-09,2026,1,January,Jan,2026-01,Q1,2026-Q1,9,Friday,5,0,FY2025-26,FQ4,10
20260110,2026-01-10,2026,1,January,Jan,2026-01,Q1,2026-Q1,10,Saturday,6,1,FY2025-26,FQ4,10
20260111,2026-01-11,2026,1,January,Jan,2026-01,Q1,2026-Q1,11,Sunday,7,1,FY2025-26,FQ4,10
20260112,2026-01-12,2026,1,January,Jan,2026-01,Q1,2026-Q1,12,Monday,1,0,FY2025-26,FQ4,10
20260113,2026-01-13,2026,1,January,Jan,2026-01,Q1,2026-Q1,13,Tuesday,2,0,FY2025-26,FQ4,10
20260114,2026-01-14,2026,1,January,Jan,2026-01,Q1,2026-Q1,14,Wednesday,3,0,FY2025-26,FQ4,10
20260115,2026-01-15,2026,1,January,Jan,2026-01,Q1,2026-Q1,15,Thursday,4,0,FY2025-26,FQ4,10
20260116,2026-01-16,2026,1,January,Jan,2026-01,Q1,2026-Q1,16,Friday,5,0,FY2025-26,FQ4,10
20260117,2026-01-17,2026,1,January,Jan,2026-01,Q1,2026-Q1,17,Saturday,6,1,FY2025-26,FQ4,10
20260118,2026-01-18,2026,1,January,Jan,2026-01,Q1,2026-Q1,18,Sunday,7,1,FY2025-26,FQ4,10
20260119,2026-01-19,2026,1,January,Jan,2026-01,Q1,2026-Q1,19,Monday,1,0,FY2025-26,FQ4,10
20260120,2026-01-20,2026,1,January,Jan,2026-01,Q1,2026-Q1,20,Tuesday,2,0,FY2025-26,FQ4,10
20260121,2026-01-21,2026,1,January,Jan,2026-01,Q1,2026-Q1,21,Wednesday,3,0,FY2025-26,FQ4,10
20260122,2026-01-22,2026,1,January,Jan,2026-01,Q1,2026-Q1,22,Thursday,4,0,FY2025-26,FQ4,10
20260123,2026-01-23,2026,1,January,Jan,2026-01,Q1,2026-Q1,23,Friday,5,0,FY2025-26,FQ4,10
20260124,2026-01-24,2026,1,January,Jan,2026-01,Q1,2026-Q1,24,Saturday,6,1,FY2025-26,FQ4,10
20260125,2026-01-25,2026,1,January,Jan,2026-01,Q1,2026-Q1,25,Sunday,7,1,FY2025-26,FQ4,10
20260126,2026-01-26,2026,1,January,Jan,2026-01,Q1,2026-Q1,26,Monday,1,0,FY2025-26,FQ4,10
20260127,2026-01-27,2026,1,January,Jan,2026-01,Q1,2026-Q1,27,Tuesday,2,0,FY2025-26,FQ4,10
20260128,2026-01-28,2026,1,January,Jan,2026-01,Q1,2026-Q1,28,Wednesday,3,0,FY2025-26,FQ4,10
20260129,2026-01-29,2026,1,January,Jan,2026-01,Q1,2026-Q1,29,Thursday,4,0,FY2025-26,FQ4,10
20260130,2026-01-30,2026,1,January,Jan,2026-01,Q1,2026-Q1,30,Friday,5,0,FY2025-26,FQ4,10
20260131,2026-01-31,2026,1,January,Jan,2026-01,Q1,2026-Q1,31,Saturday,6,1,FY2025-26,FQ4,10
20260201,2026-02-01,2026,2,February,Feb,2026-02,Q1,2026-Q1,1,Sunday,7,1,FY2025-26,FQ4,11
20260202,2026-02-02,2026,2,February,Feb,2026-02,Q1,2026-Q1,2,Monday,1,0,FY2025-26,FQ4,11
20260203,2026-02-03,2026,2,February,Feb,2026-02,Q1,2026-Q1,3,Tuesday,2,0,FY2025-26,FQ4,11
20260204,2026-02-04,2026,2,February,Feb,2026-02,Q1,2026-Q1,4,Wednesday,3,0,FY2025-26,FQ4,11
20260205,2026-02-05,2026,2,February,Feb,2026-02,Q1,2026-Q1,5,Thursday,4,0,FY2025-26,FQ4,11
20260206,2026-02-06,2026,2,February,Feb,2026-02,Q1,2026-Q1,6,Friday,5,0,FY2025-26,FQ4,11
20260207,2026-02-07,2026,2,February,Feb,2026-02,Q1,2026-Q1,7,Saturday,6,1,FY2025-26,FQ4,11
20260208,2026-02-08,2026,2,February,Feb,2026-02,Q1,2026-Q1,8,Sunday,7,1,FY2025-26,FQ4,11
20260209,2026-02-09,2026,2,February,Feb,2026-02,Q1,2026-Q1,9,Monday,1,0,FY2025-26,FQ4,11
20260210,2026-02-10,2026,2,February,Feb,2026-02,Q1,2026-Q1,10,Tuesday,2,0,FY2025-26,FQ4,11
20260211,2026-02-11,2026,2,February,Feb,2026-02,Q1,2026-Q1,11,Wednesday,3,0,FY2025-26,FQ4,11
20260212,2026-02-12,2026,2,February,Feb,2026-02,Q1,2026-Q1,12,Thursday,4,0,FY2025-26,FQ4,11
20260213,2026-02-13,2026,2,February,Feb,2026-02,Q1,2026-Q1,13,Friday,5,0,FY2025-26,FQ4,11
20260214,2026-02-14,2026,2,February,Feb,2026-02,Q1,2026-Q1,14,Saturday,6,1,FY2025-26,FQ4,11
20260215,2026-02-15,2026,2,February,Feb,2026-02,Q1,2026-Q1,15,Sunday,7,1,FY2025-26,FQ4,11
20260216,2026-02-16,2026,2,February,Feb,2026-02,Q1,2026-Q1,16,Monday,1,0,FY2025-26,FQ4,11
20260217,2026-02-17,2026,2,February,Feb,2026-02,Q1,2026-Q1,17,Tuesday,2,0,FY2025-26,FQ4,11
20260218,2026-02-18,2026,2,February,Feb,2026-02,Q1,2026-Q1,18,Wednesday,3,0,FY2025-26,FQ4,11
20260219,2026-02-19,2026,2,February,Feb,2026-02,Q1,2026-Q1,19,Thursday,4,0,FY2025-26,FQ4,11
20260220,2026-02-20,2026,2,February,Feb,2026-02,Q1,2026-Q1,20,Friday,5,0,FY2025-26,FQ4,11
20260221,2026-02-21,2026,2,February,Feb,2026-02,Q1,2026-Q1,21,Saturday,6,1,FY2025-26,FQ4,11
20260222,2026-02-22,2026,2,February,Feb,2026-02,Q1,2026-Q1,22,Sunday,7,1,FY2025-26,FQ4,11
20260223,2026-02-23,2026,2,February,Feb,2026-02,Q1,2026-Q1,23,Monday,1,0,FY2025-26,FQ4,11
20260224,2026-02-24,2026,2,February,Feb,2026-02,Q1,2026-Q1,24,Tuesday,2,0,FY2025-26,FQ4,11
20260225,2026-02-25,2026,2,February,Feb,2026-02,Q1,2026-Q1,25,Wednesday,3,0,FY2025-26,FQ4,11
20260226,2026-02-26,2026,2,February,Feb,2026-02,Q1,2026-Q1,26,Thursday,4,0,FY2025-26,FQ4,11
20260227,2026-02-27,2026,2,February,Feb,2026-02,Q1,2026-Q1,27,Friday,5,0,FY2025-26,FQ4,11
20260228,2026-02-28,2026,2,February,Feb,2026-02,Q1,2026-Q1,28,Saturday,6,1,FY2025-26,FQ4,11
20260301,2026-03-01,2026,3,March,Mar,2026-03,Q1,2026-Q1,1,Sunday,7,1,FY2025-26,FQ4,12
20260302,2026-03-02,2026,3,March,Mar,2026-03,Q1,2026-Q1,2,Monday,1,0,FY2025-26,FQ4,12
20260303,2026-03-03,2026,3,March,Mar,2026-03,Q1,2026-Q1,3,Tuesday,2,0,FY2025-26,FQ4,12
20260304,2026-03-04,2026,3,March,Mar,2026-03,Q1,2026-Q1,4,Wednesday,3,0,FY2025-26,FQ4,12
20260305,2026-03-05,2026,3,March,Mar,2026-03,Q1,2026-Q1,5,Thursday,4,0,FY2025-26,FQ4,12
20260306,2026-03-06,2026,3,March,Mar,2026-03,Q1,2026-Q1,6,Friday,5,0,FY2025-26,FQ4,12
20260307,2026-03-07,2026,3,March,Mar,2026-03,Q1,2026-Q1,7,Saturday,6,1,FY2025-26,FQ4,12
20260308,2026-03-08,2026,3,March,Mar,2026-03,Q1,2026-Q1,8,Sunday,7,1,FY2025-26,FQ4,12
20260309,2026-03-09,2026,3,March,Mar,2026-03,Q1,2026-Q1,9,Monday,1,0,FY2025-26,FQ4,12
20260310,2026-03-10,2026,3,March,Mar,2026-03,Q1,2026-Q1,10,Tuesday,2,0,FY2025-26,FQ4,12
20260311,2026-03-11,2026,3,March,Mar,2026-03,Q1,2026-Q1,11,Wednesday,3,0,FY2025-26,FQ4,12
20260312,2026-03-12,2026,3,March,Mar,2026-03,Q1,2026-Q1,12,Thursday,4,0,FY2025-26,FQ4,12
20260313,2026-03-13,2026,3,March,Mar,2026-03,Q1,2026-Q1,13,Friday,5,0,FY2025-26,FQ4,12
20260314,2026-03-14,2026,3,March,Mar,2026-03,Q1,2026-Q1,14,Saturday,6,1,FY2025-26,FQ4,12
20260315,2026-03-15,2026,3,March,Mar,2026-03,Q1,2026-Q1,15,Sunday,7,1,FY2025-26,FQ4,12
20260316,2026-03-16,2026,3,March,Mar,2026-03,Q1,2026-Q1,16,Monday,1,0,FY2025-26,FQ4,12
20260317,2026-03-17,2026,3,March,Mar,2026-03,Q1,2026-Q1,17,Tuesday,2,0,FY2025-26,FQ4,12
20260318,2026-03-18,2026,3,March,Mar,2026-03,Q1,2026-Q1,18,Wednesday,3,0,FY2025-26,FQ4,12
20260319,2026-03-19,2026,3,March,Mar,2026-03,Q1,2026-Q1,19,Thursday,4,0,FY2025-26,FQ4,12
20260320,2026-03-20,2026,3,March,Mar,2026-03,Q1,2026-Q1,20,Friday,5,0,FY2025-26,FQ4,12
20260321,2026-03-21,2026,3,March,Mar,2026-03,Q1,2026-Q1,21,Saturday,6,1,FY2025-26,FQ4,12
20260322,2026-03-22,2026,3,March,Mar,2026-03,Q1,2026-Q1,22,Sunday,7,1,FY2025-26,FQ4,12
20260323,2026-03-23,2026,3,March,Mar,2026-03,Q1,2026-Q1,23,Monday,1,0,FY2025-26,FQ4,12
20260324,2026-03-24,2026,3,March,Mar,2026-03,Q1,2026-Q1,24,Tuesday,2,0,FY2025-26,FQ4,12
20260325,2026-03-25,2026,3,March,Mar,2026-03,Q1,2026-Q1,25,Wednesday,3,0,FY2025-26,FQ4,12
20260326,2026-03-26,2026,3,March,Mar,2026-03,Q1,2026-Q1,26,Thursday,4,0,FY2025-26,FQ4,12
20260327,2026-03-27,2026,3,March,Mar,2026-03,Q1,2026-Q1,27,Friday,5,0,FY2025-26,FQ4,12
20260328,2026-03-28,2026,3,March,Mar,2026-03,Q1,2026-Q1,28,Saturday,6,1,FY2025-26,FQ4,12
20260329,2026-03-29,2026,3,March,Mar,2026-03,Q1,2026-Q1,29,Sunday,7,1,FY2025-26,FQ4,12
20260330,2026-03-30,2026,3,March,Mar,2026-03,Q1,2026-Q1,30,Monday,1,0,FY2025-26,FQ4,12
20260331,2026-03-31,2026,3,March,Mar,2026-03,Q1,2026-Q1,31,Tuesday,2,0,FY2025-26,FQ4,12
20260401,2026-04-01,2026,4,April,Apr,2026-04,Q2,2026-Q2,1,Wednesday,3,0,FY2026-27,FQ1,1
20260402,2026-04-02,2026,4,April,Apr,2026-04,Q2,2026-Q2,2,Thursday,4,0,FY2026-27,FQ1,1
20260403,2026-04-03,2026,4,April,Apr,2026-04,Q2,2026-Q2,3,Friday,5,0,FY2026-27,FQ1,1
20260404,2026-04-04,2026,4,April,Apr,2026-04,Q2,2026-Q2,4,Saturday,6,1,FY2026-27,FQ1,1
20260405,2026-04-05,2026,4,April,Apr,2026-04,Q2,2026-Q2,5,Sunday,7,1,FY2026-27,FQ1,1
20260406,2026-04-06,2026,4,April,Apr,2026-04,Q2,2026-Q2,6,Monday,1,0,FY2026-27,FQ1,1
20260407,2026-04-07,2026,4,April,Apr,2026-04,Q2,2026-Q2,7,Tuesday,2,0,FY2026-27,FQ1,1
20260408,2026-04-08,2026,4,April,Apr,2026-04,Q2,2026-Q2,8,Wednesday,3,0,FY2026-27,FQ1,1
20260409,2026-04-09,2026,4,April,Apr,2026-04,Q2,2026-Q2,9,Thursday,4,0,FY2026-27,FQ1,1
20260410,2026-04-10,2026,4,April,Apr,2026-04,Q2,2026-Q2,10,Friday,5,0,FY2026-27,FQ1,1
20260411,2026-04-11,2026,4,April,Apr,2026-04,Q2,2026-Q2,11,Saturday,6,1,FY2026-27,FQ1,1
20260412,2026-04-12,2026,4,April,Apr,2026-04,Q2,2026-Q2,12,Sunday,7,1,FY2026-27,FQ1,1
20260413,2026-04-13,2026,4,April,Apr,2026-04,Q2,2026-Q2,13,Monday,1,0,FY2026-27,FQ1,1
20260414,2026-04-14,2026,4,April,Apr,2026-04,Q2,2026-Q2,14,Tuesday,2,0,FY2026-27,FQ1,1
20260415,2026-04-15,2026,4,April,Apr,2026-04,Q2,2026-Q2,15,Wednesday,3,0,FY2026-27,FQ1,1
20260416,2026-04-16,2026,4,April,Apr,2026-04,Q2,2026-Q2,16,Thursday,4,0,FY2026-27,FQ1,1
20260417,2026-04-17,2026,4,April,Apr,2026-04,Q2,2026-Q2,17,Friday,5,0,FY2026-27,FQ1,1
20260418,2026-04-18,2026,4,April,Apr,2026-04,Q2,2026-Q2,18,Saturday,6,1,FY2026-27,FQ1,1
20260419,2026-04-19,2026,4,April,Apr,2026-04,Q2,2026-Q2,19,Sunday,7,1,FY2026-27,FQ1,1
20260420,2026-04-20,2026,4,April,Apr,2026-04,Q2,2026-Q2,20,Monday,1,0,FY2026-27,FQ1,1
20260421,2026-04-21,2026,4,April,Apr,2026-04,Q2,2026-Q2,21,Tuesday,2,0,FY2026-27,FQ1,1
20260422,2026-04-22,2026,4,April,Apr,2026-04,Q2,2026-Q2,22,Wednesday,3,0,FY2026-27,FQ1,1
20260423,2026-04-23,2026,4,April,Apr,2026-04,Q2,2026-Q2,23,Thursday,4,0,FY2026-27,FQ1,1
20260424,2026-04-24,2026,4,April,Apr,2026-04,Q2,2026-Q2,24,Friday,5,0,FY2026-27,FQ1,1
20260425,2026-04-25,2026,4,April,Apr,2026-04,Q2,2026-Q2,25,Saturday,6,1,FY2026-27,FQ1,1
20260426,2026-04-26,2026,4,April,Apr,2026-04,Q2,2026-Q2,26,Sunday,7,1,FY2026-27,FQ1,1
20260427,2026-04-27,2026,4,April,Apr,2026-04,Q2,2026-Q2,27,Monday,1,0,FY2026-27,FQ1,1
20260428,2026-04-28,2026,4,April,Apr,2026-04,Q2,2026-Q2,28,Tuesday,2,0,FY2026-27,FQ1,1
20260429,2026-04-29,2026,4,April,Apr,2026-04,Q2,2026-Q2,29,Wednesday,3,0,FY2026-27,FQ1,1
20260430,2026-04-30,2026,4,April,Apr,2026-04,Q2,2026-Q2,30,Thursday,4,0,FY2026-27,FQ1,1
20260501,2026-05-01,2026,5,May,May,2026-05,Q2,2026-Q2,1,Friday,5,0,FY2026-27,FQ1,2
20260502,2026-05-02,2026,5,May,May,2026-05,Q2,2026-Q2,2,Saturday,6,1,FY2026-27,FQ1,2
20260503,2026-05-03,2026,5,May,May,2026-05,Q2,2026-Q2,3,Sunday,7,1,FY2026-27,FQ1,2
20260504,2026-05-04,2026,5,May,May,2026-05,Q2,2026-Q2,4,Monday,1,0,FY2026-27,FQ1,2
20260505,2026-05-05,2026,5,May,May,2026-05,Q2,2026-Q2,5,Tuesday,2,0,FY2026-27,FQ1,2
20260506,2026-05-06,2026,5,May,May,2026-05,Q2,2026-Q2,6,Wednesday,3,0,FY2026-27,FQ1,2
20260507,2026-05-07,2026,5,May,May,2026-05,Q2,2026-Q2,7,Thursday,4,0,FY2026-27,FQ1,2
20260508,2026-05-08,2026,5,May,May,2026-05,Q2,2026-Q2,8,Friday,5,0,FY2026-27,FQ1,2
20260509,2026-05-09,2026,5,May,May,2026-05,Q2,2026-Q2,9,Saturday,6,1,FY2026-27,FQ1,2
20260510,2026-05-10,2026,5,May,May,2026-05,Q2,2026-Q2,10,Sunday,7,1,FY2026-27,FQ1,2
20260511,2026-05-11,2026,5,May,May,2026-05,Q2,2026-Q2,11,Monday,1,0,FY2026-27,FQ1,2
20260512,2026-05-12,2026,5,May,May,2026-05,Q2,2026-Q2,12,Tuesday,2,0,FY2026-27,FQ1,2
20260513,2026-05-13,2026,5,May,May,2026-05,Q2,2026-Q2,13,Wednesday,3,0,FY2026-27,FQ1,2
20260514,2026-05-14,2026,5,May,May,2026-05,Q2,2026-Q2,14,Thursday,4,0,FY2026-27,FQ1,2
20260515,2026-05-15,2026,5,May,May,2026-05,Q2,2026-Q2,15,Friday,5,0,FY2026-27,FQ1,2
20260516,2026-05-16,2026,5,May,May,2026-05,Q2,2026-Q2,16,Saturday,6,1,FY2026-27,FQ1,2
20260517,2026-05-17,2026,5,May,May,2026-05,Q2,2026-Q2,17,Sunday,7,1,FY2026-27,FQ1,2
20260518,2026-05-18,2026,5,May,May,2026-05,Q2,2026-Q2,18,Monday,1,0,FY2026-27,FQ1,2
20260519,2026-05-19,2026,5,May,May,2026-05,Q2,2026-Q2,19,Tuesday,2,0,FY2026-27,FQ1,2
20260520,2026-05-20,2026,5,May,May,2026-05,Q2,2026-Q2,20,Wednesday,3,0,FY2026-27,FQ1,2
20260521,2026-05-21,2026,5,May,May,2026-05,Q2,2026-Q2,21,Thursday,4,0,FY2026-27,FQ1,2
20260522,2026-05-22,2026,5,May,May,2026-05,Q2,2026-Q2,22,Friday,5,0,FY2026-27,FQ1,2
20260523,2026-05-23,2026,5,May,May,2026-05,Q2,2026-Q2,23,Saturday,6,1,FY2026-27,FQ1,2
20260524,2026-05-24,2026,5,May,May,2026-05,Q2,2026-Q2,24,Sunday,7,1,FY2026-27,FQ1,2
20260525,2026-05-25,2026,5,May,May,2026-05,Q2,2026-Q2,25,Monday,1,0,FY2026-27,FQ1,2
20260526,2026-05-26,2026,5,May,May,2026-05,Q2,2026-Q2,26,Tuesday,2,0,FY2026-27,FQ1,2
20260527,2026-05-27,2026,5,May,May,2026-05,Q2,2026-Q2,27,Wednesday,3,0,FY2026-27,FQ1,2
20260528,2026-05-28,2026,5,May,May,2026-05,Q2,2026-Q2,28,Thursday,4,0,FY2026-27,FQ1,2
20260529,2026-05-29,2026,5,May,May,2026-05,Q2,2026-Q2,29,Friday,5,0,FY2026-27,FQ1,2
20260530,2026-05-30,2026,5,May,May,2026-05,Q2,2026-Q2,30,Saturday,6,1,FY2026-27,FQ1,2
20260531,2026-05-31,2026,5,May,May,2026-05,Q2,2026-Q2,31,Sunday,7,1,FY2026-27,FQ1,2
20260601,2026-06-01,2026,6,June,Jun,2026-06,Q2,2026-Q2,1,Monday,1,0,FY2026-27,FQ1,3
20260602,2026-06-02,2026,6,June,Jun,2026-06,Q2,2026-Q2,2,Tuesday,2,0,FY2026-27,FQ1,3
20260603,2026-06-03,2026,6,June,Jun,2026-06,Q2,2026-Q2,3,Wednesday,3,0,FY2026-27,FQ1,3
20260604,2026-06-04,2026,6,June,Jun,2026-06,Q2,2026-Q2,4,Thursday,4,0,FY2026-27,FQ1,3
20260605,2026-06-05,2026,6,June,Jun,2026-06,Q2,2026-Q2,5,Friday,5,0,FY2026-27,FQ1,3
20260606,2026-06-06,2026,6,June,Jun,2026-06,Q2,2026-Q2,6,Saturday,6,1,FY2026-27,FQ1,3
20260607,2026-06-07,2026,6,June,Jun,2026-06,Q2,2026-Q2,7,Sunday,7,1,FY2026-27,FQ1,3
20260608,2026-06-08,2026,6,June,Jun,2026-06,Q2,2026-Q2,8,Monday,1,0,FY2026-27,FQ1,3
20260609,2026-06-09,2026,6,June,Jun,2026-06,Q2,2026-Q2,9,Tuesday,2,0,FY2026-27,FQ1,3
20260610,2026-06-10,2026,6,June,Jun,2026-06,Q2,2026-Q2,10,Wednesday,3,0,FY2026-27,FQ1,3
20260611,2026-06-11,2026,6,June,Jun,2026-06,Q2,2026-Q2,11,Thursday,4,0,FY2026-27,FQ1,3
20260612,2026-06-12,2026,6,June,Jun,2026-06,Q2,2026-Q2,12,Friday,5,0,FY2026-27,FQ1,3
20260613,2026-06-13,2026,6,June,Jun,2026-06,Q2,2026-Q2,13,Saturday,6,1,FY2026-27,FQ1,3
20260614,2026-06-14,2026,6,June,Jun,2026-06,Q2,2026-Q2,14,Sunday,7,1,FY2026-27,FQ1,3
20260615,2026-06-15,2026,6,June,Jun,2026-06,Q2,2026-Q2,15,Monday,1,0,FY2026-27,FQ1,3
20260616,2026-06-16,2026,6,June,Jun,2026-06,Q2,2026-Q2,16,Tuesday,2,0,FY2026-27,FQ1,3
20260617,2026-06-17,2026,6,June,Jun,2026-06,Q2,2026-Q2,17,Wednesday,3,0,FY2026-27,FQ1,3
20260618,2026-06-18,2026,6,June,Jun,2026-06,Q2,2026-Q2,18,Thursday,4,0,FY2026-27,FQ1,3
20260619,2026-06-19,2026,6,June,Jun,2026-06,Q2,2026-Q2,19,Friday,5,0,FY2026-27,FQ1,3
20260620,2026-06-20,2026,6,June,Jun,2026-06,Q2,2026-Q2,20,Saturday,6,1,FY2026-27,FQ1,3
20260621,2026-06-21,2026,6,June,Jun,2026-06,Q2,2026-Q2,21,Sunday,7,1,FY2026-27,FQ1,3
20260622,2026-06-22,2026,6,June,Jun,2026-06,Q2,2026-Q2,22,Monday,1,0,FY2026-27,FQ1,3
20260623,2026-06-23,2026,6,June,Jun,2026-06,Q2,2026-Q2,23,Tuesday,2,0,FY2026-27,FQ1,3
20260624,2026-06-24,2026,6,June,Jun,2026-06,Q2,2026-Q2,24,Wednesday,3,0,FY2026-27,FQ1,3
20260625,2026-06-25,2026,6,June,Jun,2026-06,Q2,2026-Q2,25,Thursday,4,0,FY2026-27,FQ1,3
20260626,2026-06-26,2026,6,June,Jun,2026-06,Q2,2026-Q2,26,Friday,5,0,FY2026-27,FQ1,3
20260627,2026-06-27,2026,6,June,Jun,2026-06,Q2,2026-Q2,27,Saturday,6,1,FY2026-27,FQ1,3
20260628,2026-06-28,2026,6,June,Jun,2026-06,Q2,2026-Q2,28,Sunday,7,1,FY2026-27,FQ1,3
20260629,2026-06-29,2026,6,June,Jun,2026-06,Q2,2026-Q2,29,Monday,1,0,FY2026-27,FQ1,3
20260630,2026-06-30,2026,6,June,Jun,2026-06,Q2,2026-Q2,30,Tuesday,2,0,FY2026-27,FQ1,3
20260701,2026-07-01,2026,7,July,Jul,2026-07,Q3,2026-Q3,1,Wednesday,3,0,FY2026-27,FQ2,4
20260702,2026-07-02,2026,7,July,Jul,2026-07,Q3,2026-Q3,2,Thursday,4,0,FY2026-27,FQ2,4
20260703,2026-07-03,2026,7,July,Jul,2026-07,Q3,2026-Q3,3,Friday,5,0,FY2026-27,FQ2,4
20260704,2026-07-04,2026,7,July,Jul,2026-07,Q3,2026-Q3,4,Saturday,6,1,FY2026-27,FQ2,4
20260705,2026-07-05,2026,7,July,Jul,2026-07,Q3,2026-Q3,5,Sunday,7,1,FY2026-27,FQ2,4
20260706,2026-07-06,2026,7,July,Jul,2026-07,Q3,2026-Q3,6,Monday,1,0,FY2026-27,FQ2,4
20260707,2026-07-07,2026,7,July,Jul,2026-07,Q3,2026-Q3,7,Tuesday,2,0,FY2026-27,FQ2,4
20260708,2026-07-08,2026,7,July,Jul,2026-07,Q3,2026-Q3,8,Wednesday,3,0,FY2026-27,FQ2,4
20260709,2026-07-09,2026,7,July,Jul,2026-07,Q3,2026-Q3,9,Thursday,4,0,FY2026-27,FQ2,4
20260710,2026-07-10,2026,7,July,Jul,2026-07,Q3,2026-Q3,10,Friday,5,0,FY2026-27,FQ2,4
20260711,2026-07-11,2026,7,July,Jul,2026-07,Q3,2026-Q3,11,Saturday,6,1,FY2026-27,FQ2,4
20260712,2026-07-12,2026,7,July,Jul,2026-07,Q3,2026-Q3,12,Sunday,7,1,FY2026-27,FQ2,4
20260713,2026-07-13,2026,7,July,Jul,2026-07,Q3,2026-Q3,13,Monday,1,0,FY2026-27,FQ2,4
20260714,2026-07-14,2026,7,July,Jul,2026-07,Q3,2026-Q3,14,Tuesday,2,0,FY2026-27,FQ2,4
20260715,2026-07-15,2026,7,July,Jul,2026-07,Q3,2026-Q3,15,Wednesday,3,0,FY2026-27,FQ2,4
20260716,2026-07-16,2026,7,July,Jul,2026-07,Q3,2026-Q3,16,Thursday,4,0,FY2026-27,FQ2,4
20260717,2026-07-17,2026,7,July,Jul,2026-07,Q3,2026-Q3,17,Friday,5,0,FY2026-27,FQ2,4
20260718,2026-07-18,2026,7,July,Jul,2026-07,Q3,2026-Q3,18,Saturday,6,1,FY2026-27,FQ2,4
20260719,2026-07-19,2026,7,July,Jul,2026-07,Q3,2026-Q3,19,Sunday,7,1,FY2026-27,FQ2,4
20260720,2026-07-20,2026,7,July,Jul,2026-07,Q3,2026-Q3,20,Monday,1,0,FY2026-27,FQ2,4
20260721,2026-07-21,2026,7,July,Jul,2026-07,Q3,2026-Q3,21,Tuesday,2,0,FY2026-27,FQ2,4
20260722,2026-07-22,2026,7,July,Jul,2026-07,Q3,2026-Q3,22,Wednesday,3,0,FY2026-27,FQ2,4
20260723,2026-07-23,2026,7,July,Jul,2026-07,Q3,2026-Q3,23,Thursday,4,0,FY2026-27,FQ2,4
20260724,2026-07-24,2026,7,July,Jul,2026-07,Q3,2026-Q3,24,Friday,5,0,FY2026-27,FQ2,4
20260725,2026-07-25,2026,7,July,Jul,2026-07,Q3,2026-Q3,25,Saturday,6,1,FY2026-27,FQ2,4
20260726,2026-07-26,2026,7,July,Jul,2026-07,Q3,2026-Q3,26,Sunday,7,1,FY2026-27,FQ2,4
20260727,2026-07-27,2026,7,July,Jul,2026-07,Q3,2026-Q3,27,Monday,1,0,FY2026-27,FQ2,4
20260728,2026-07-28,2026,7,July,Jul,2026-07,Q3,2026-Q3,28,Tuesday,2,0,FY2026-27,FQ2,4
20260729,2026-07-29,2026,7,July,Jul,2026-07,Q3,2026-Q3,29,Wednesday,3,0,FY2026-27,FQ2,4
20260730,2026-07-30,2026,7,July,Jul,2026-07,Q3,2026-Q3,30,Thursday,4,0,FY2026-27,FQ2,4
20260731,2026-07-31,2026,7,July,Jul,2026-07,Q3,2026-Q3,31,Friday,5,0,FY2026-27,FQ2,4
20260801,2026-08-01,2026,8,August,Aug,2026-08,Q3,2026-Q3,1,Saturday,6,1,FY2026-27,FQ2,5
20260802,2026-08-02,2026,8,August,Aug,2026-08,Q3,2026-Q3,2,Sunday,7,1,FY2026-27,FQ2,5
20260803,2026-08-03,2026,8,August,Aug,2026-08,Q3,2026-Q3,3,Monday,1,0,FY2026-27,FQ2,5
20260804,2026-08-04,2026,8,August,Aug,2026-08,Q3,2026-Q3,4,Tuesday,2,0,FY2026-27,FQ2,5
20260805,2026-08-05,2026,8,August,Aug,2026-08,Q3,2026-Q3,5,Wednesday,3,0,FY2026-27,FQ2,5
20260806,2026-08-06,2026,8,August,Aug,2026-08,Q3,2026-Q3,6,Thursday,4,0,FY2026-27,FQ2,5
20260807,2026-08-07,2026,8,August,Aug,2026-08,Q3,2026-Q3,7,Friday,5,0,FY2026-27,FQ2,5
20260808,2026-08-08,2026,8,August,Aug,2026-08,Q3,2026-Q3,8,Saturday,6,1,FY2026-27,FQ2,5
20260809,2026-08-09,2026,8,August,Aug,2026-08,Q3,2026-Q3,9,Sunday,7,1,FY2026-27,FQ2,5
20260810,2026-08-10,2026,8,August,Aug,2026-08,Q3,2026-Q3,10,Monday,1,0,FY2026-27,FQ2,5
20260811,2026-08-11,2026,8,August,Aug,2026-08,Q3,2026-Q3,11,Tuesday,2,0,FY2026-27,FQ2,5
20260812,2026-08-12,2026,8,August,Aug,2026-08,Q3,2026-Q3,12,Wednesday,3,0,FY2026-27,FQ2,5
20260813,2026-08-13,2026,8,August,Aug,2026-08,Q3,2026-Q3,13,Thursday,4,0,FY2026-27,FQ2,5
20260814,2026-08-14,2026,8,August,Aug,2026-08,Q3,2026-Q3,14,Friday,5,0,FY2026-27,FQ2,5
20260815,2026-08-15,2026,8,August,Aug,2026-08,Q3,2026-Q3,15,Saturday,6,1,FY2026-27,FQ2,5
20260816,2026-08-16,2026,8,August,Aug,2026-08,Q3,2026-Q3,16,Sunday,7,1,FY2026-27,FQ2,5
20260817,2026-08-17,2026,8,August,Aug,2026-08,Q3,2026-Q3,17,Monday,1,0,FY2026-27,FQ2,5
20260818,2026-08-18,2026,8,August,Aug,2026-08,Q3,2026-Q3,18,Tuesday,2,0,FY2026-27,FQ2,5
20260819,2026-08-19,2026,8,August,Aug,2026-08,Q3,2026-Q3,19,Wednesday,3,0,FY2026-27,FQ2,5
20260820,2026-08-20,2026,8,August,Aug,2026-08,Q3,2026-Q3,20,Thursday,4,0,FY2026-27,FQ2,5
20260821,2026-08-21,2026,8,August,Aug,2026-08,Q3,2026-Q3,21,Friday,5,0,FY2026-27,FQ2,5
20260822,2026-08-22,2026,8,August,Aug,2026-08,Q3,2026-Q3,22,Saturday,6,1,FY2026-27,FQ2,5
20260823,2026-08-23,2026,8,August,Aug,2026-08,Q3,2026-Q3,23,Sunday,7,1,FY2026-27,FQ2,5
20260824,2026-08-24,2026,8,August,Aug,2026-08,Q3,2026-Q3,24,Monday,1,0,FY2026-27,FQ2,5
20260825,2026-08-25,2026,8,August,Aug,2026-08,Q3,2026-Q3,25,Tuesday,2,0,FY2026-27,FQ2,5
20260826,2026-08-26,2026,8,August,Aug,2026-08,Q3,2026-Q3,26,Wednesday,3,0,FY2026-27,FQ2,5
20260827,2026-08-27,2026,8,August,Aug,2026-08,Q3,2026-Q3,27,Thursday,4,0,FY2026-27,FQ2,5
20260828,2026-08-28,2026,8,August,Aug,2026-08,Q3,2026-Q3,28,Friday,5,0,FY2026-27,FQ2,5
20260829,2026-08-29,2026,8,August,Aug,2026-08,Q3,2026-Q3,29,Saturday,6,1,FY2026-27,FQ2,5
20260830,2026-08-30,2026,8,August,Aug,2026-08,Q3,2026-Q3,30,Sunday,7,1,FY2026-27,FQ2,5
20260831,2026-08-31,2026,8,August,Aug,2026-08,Q3,2026-Q3,31,Monday,1,0,FY2026-27,FQ2,5
20260901,2026-09-01,2026,9,September,Sep,2026-09,Q3,2026-Q3,1,Tuesday,2,0,FY2026-27,FQ2,6
20260902,2026-09-02,2026,9,September,Sep,2026-09,Q3,2026-Q3,2,Wednesday,3,0,FY2026-27,FQ2,6
20260903,2026-09-03,2026,9,September,Sep,2026-09,Q3,2026-Q3,3,Thursday,4,0,FY2026-27,FQ2,6
20260904,2026-09-04,2026,9,September,Sep,2026-09,Q3,2026-Q3,4,Friday,5,0,FY2026-27,FQ2,6
20260905,2026-09-05,2026,9,September,Sep,2026-09,Q3,2026-Q3,5,Saturday,6,1,FY2026-27,FQ2,6
20260906,2026-09-06,2026,9,September,Sep,2026-09,Q3,2026-Q3,6,Sunday,7,1,FY2026-27,FQ2,6
20260907,2026-09-07,2026,9,September,Sep,2026-09,Q3,2026-Q3,7,Monday,1,0,FY2026-27,FQ2,6
20260908,2026-09-08,2026,9,September,Sep,2026-09,Q3,2026-Q3,8,Tuesday,2,0,FY2026-27,FQ2,6
20260909,2026-09-09,2026,9,September,Sep,2026-09,Q3,2026-Q3,9,Wednesday,3,0,FY2026-27,FQ2,6
20260910,2026-09-10,2026,9,September,Sep,2026-09,Q3,2026-Q3,10,Thursday,4,0,FY2026-27,FQ2,6
20260911,2026-09-11,2026,9,September,Sep,2026-09,Q3,2026-Q3,11,Friday,5,0,FY2026-27,FQ2,6
20260912,2026-09-12,2026,9,September,Sep,2026-09,Q3,2026-Q3,12,Saturday,6,1,FY2026-27,FQ2,6
20260913,2026-09-13,2026,9,September,Sep,2026-09,Q3,2026-Q3,13,Sunday,7,1,FY2026-27,FQ2,6
20260914,2026-09-14,2026,9,September,Sep,2026-09,Q3,2026-Q3,14,Monday,1,0,FY2026-27,FQ2,6
20260915,2026-09-15,2026,9,September,Sep,2026-09,Q3,2026-Q3,15,Tuesday,2,0,FY2026-27,FQ2,6
20260916,2026-09-16,2026,9,September,Sep,2026-09,Q3,2026-Q3,16,Wednesday,3,0,FY2026-27,FQ2,6
20260917,2026-09-17,2026,9,September,Sep,2026-09,Q3,2026-Q3,17,Thursday,4,0,FY2026-27,FQ2,6
20260918,2026-09-18,2026,9,September,Sep,2026-09,Q3,2026-Q3,18,Friday,5,0,FY2026-27,FQ2,6
20260919,2026-09-19,2026,9,September,Sep,2026-09,Q3,2026-Q3,19,Saturday,6,1,FY2026-27,FQ2,6
20260920,2026-09-20,2026,9,September,Sep,2026-09,Q3,2026-Q3,20,Sunday,7,1,FY2026-27,FQ2,6
20260921,2026-09-21,2026,9,September,Sep,2026-09,Q3,2026-Q3,21,Monday,1,0,FY2026-27,FQ2,6
20260922,2026-09-22,2026,9,September,Sep,2026-09,Q3,2026-Q3,22,Tuesday,2,0,FY2026-27,FQ2,6
20260923,2026-09-23,2026,9,September,Sep,2026-09,Q3,2026-Q3,23,Wednesday,3,0,FY2026-27,FQ2,6
20260924,2026-09-24,2026,9,September,Sep,2026-09,Q3,2026-Q3,24,Thursday,4,0,FY2026-27,FQ2,6
20260925,2026-09-25,2026,9,September,Sep,2026-09,Q3,2026-Q3,25,Friday,5,0,FY2026-27,FQ2,6
20260926,2026-09-26,2026,9,September,Sep,2026-09,Q3,2026-Q3,26,Saturday,6,1,FY2026-27,FQ2,6
20260927,2026-09-27,2026,9,September,Sep,2026-09,Q3,2026-Q3,27,Sunday,7,1,FY2026-27,FQ2,6
20260928,2026-09-28,2026,9,September,Sep,2026-09,Q3,2026-Q3,28,Monday,1,0,FY2026-27,FQ2,6
20260929,2026-09-29,2026,9,September,Sep,2026-09,Q3,2026-Q3,29,Tuesday,2,0,FY2026-27,FQ2,6
20260930,2026-09-30,2026,9,September,Sep,2026-09,Q3,2026-Q3,30,Wednesday,3,0,FY2026-27,FQ2,6
20261001,2026-10-01,2026,10,October,Oct,2026-10,Q4,2026-Q4,1,Thursday,4,0,FY2026-27,FQ3,7
20261002,2026-10-02,2026,10,October,Oct,2026-10,Q4,2026-Q4,2,Friday,5,0,FY2026-27,FQ3,7
20261003,2026-10-03,2026,10,October,Oct,2026-10,Q4,2026-Q4,3,Saturday,6,1,FY2026-27,FQ3,7
20261004,2026-10-04,2026,10,October,Oct,2026-10,Q4,2026-Q4,4,Sunday,7,1,FY2026-27,FQ3,7
20261005,2026-10-05,2026,10,October,Oct,2026-10,Q4,2026-Q4,5,Monday,1,0,FY2026-27,FQ3,7
20261006,2026-10-06,2026,10,October,Oct,2026-10,Q4,2026-Q4,6,Tuesday,2,0,FY2026-27,FQ3,7
20261007,2026-10-07,2026,10,October,Oct,2026-10,Q4,2026-Q4,7,Wednesday,3,0,FY2026-27,FQ3,7
20261008,2026-10-08,2026,10,October,Oct,2026-10,Q4,2026-Q4,8,Thursday,4,0,FY2026-27,FQ3,7
20261009,2026-10-09,2026,10,October,Oct,2026-10,Q4,2026-Q4,9,Friday,5,0,FY2026-27,FQ3,7
20261010,2026-10-10,2026,10,October,Oct,2026-10,Q4,2026-Q4,10,Saturday,6,1,FY2026-27,FQ3,7
20261011,2026-10-11,2026,10,October,Oct,2026-10,Q4,2026-Q4,11,Sunday,7,1,FY2026-27,FQ3,7
20261012,2026-10-12,2026,10,October,Oct,2026-10,Q4,2026-Q4,12,Monday,1,0,FY2026-27,FQ3,7
20261013,2026-10-13,2026,10,October,Oct,2026-10,Q4,2026-Q4,13,Tuesday,2,0,FY2026-27,FQ3,7
20261014,2026-10-14,2026,10,October,Oct,2026-10,Q4,2026-Q4,14,Wednesday,3,0,FY2026-27,FQ3,7
20261015,2026-10-15,2026,10,October,Oct,2026-10,Q4,2026-Q4,15,Thursday,4,0,FY2026-27,FQ3,7
20261016,2026-10-16,2026,10,October,Oct,2026-10,Q4,2026-Q4,16,Friday,5,0,FY2026-27,FQ3,7
20261017,2026-10-17,2026,10,October,Oct,2026-10,Q4,2026-Q4,17,Saturday,6,1,FY2026-27,FQ3,7
20261018,2026-10-18,2026,10,October,Oct,2026-10,Q4,2026-Q4,18,Sunday,7,1,FY2026-27,FQ3,7
20261019,2026-10-19,2026,10,October,Oct,2026-10,Q4,2026-Q4,19,Monday,1,0,FY2026-27,FQ3,7
20261020,2026-10-20,2026,10,October,Oct,2026-10,Q4,2026-Q4,20,Tuesday,2,0,FY2026-27,FQ3,7
20261021,2026-10-21,2026,10,October,Oct,2026-10,Q4,2026-Q4,21,Wednesday,3,0,FY2026-27,FQ3,7
20261022,2026-10-22,2026,10,October,Oct,2026-10,Q4,2026-Q4,22,Thursday,4,0,FY2026-27,FQ3,7
20261023,2026-10-23,2026,10,October,Oct,2026-10,Q4,2026-Q4,23,Friday,5,0,FY2026-27,FQ3,7
20261024,2026-10-24,2026,10,October,Oct,2026-10,Q4,2026-Q4,24,Saturday,6,1,FY2026-27,FQ3,7
20261025,2026-10-25,2026,10,October,Oct,2026-10,Q4,2026-Q4,25,Sunday,7,1,FY2026-27,FQ3,7
20261026,2026-10-26,2026,10,October,Oct,2026-10,Q4,2026-Q4,26,Monday,1,0,FY2026-27,FQ3,7
20261027,2026-10-27,2026,10,October,Oct,2026-10,Q4,2026-Q4,27,Tuesday,2,0,FY2026-27,FQ3,7
20261028,2026-10-28,2026,10,October,Oct,2026-10,Q4,2026-Q4,28,Wednesday,3,0,FY2026-27,FQ3,7
20261029,2026-10-29,2026,10,October,Oct,2026-10,Q4,2026-Q4,29,Thursday,4,0,FY2026-27,FQ3,7
20261030,2026-10-30,2026,10,October,Oct,2026-10,Q4,2026-Q4,30,Friday,5,0,FY2026-27,FQ3,7
20261031,2026-10-31,2026,10,October,Oct,2026-10,Q4,2026-Q4,31,Saturday,6,1,FY2026-27,FQ3,7
20261101,2026-11-01,2026,11,November,Nov,2026-11,Q4,2026-Q4,1,Sunday,7,1,FY2026-27,FQ3,8
20261102,2026-11-02,2026,11,November,Nov,2026-11,Q4,2026-Q4,2,Monday,1,0,FY2026-27,FQ3,8
20261103,2026-11-03,2026,11,November,Nov,2026-11,Q4,2026-Q4,3,Tuesday,2,0,FY2026-27,FQ3,8
20261104,2026-11-04,2026,11,November,Nov,2026-11,Q4,2026-Q4,4,Wednesday,3,0,FY2026-27,FQ3,8
20261105,2026-11-05,2026,11,November,Nov,2026-11,Q4,2026-Q4,5,Thursday,4,0,FY2026-27,FQ3,8
20261106,2026-11-06,2026,11,November,Nov,2026-11,Q4,2026-Q4,6,Friday,5,0,FY2026-27,FQ3,8
20261107,2026-11-07,2026,11,November,Nov,2026-11,Q4,2026-Q4,7,Saturday,6,1,FY2026-27,FQ3,8
20261108,2026-11-08,2026,11,November,Nov,2026-11,Q4,2026-Q4,8,Sunday,7,1,FY2026-27,FQ3,8
20261109,2026-11-09,2026,11,November,Nov,2026-11,Q4,2026-Q4,9,Monday,1,0,FY2026-27,FQ3,8
20261110,2026-11-10,2026,11,November,Nov,2026-11,Q4,2026-Q4,10,Tuesday,2,0,FY2026-27,FQ3,8
20261111,2026-11-11,2026,11,November,Nov,2026-11,Q4,2026-Q4,11,Wednesday,3,0,FY2026-27,FQ3,8
20261112,2026-11-12,2026,11,November,Nov,2026-11,Q4,2026-Q4,12,Thursday,4,0,FY2026-27,FQ3,8
20261113,2026-11-13,2026,11,November,Nov,2026-11,Q4,2026-Q4,13,Friday,5,0,FY2026-27,FQ3,8
20261114,2026-11-14,2026,11,November,Nov,2026-11,Q4,2026-Q4,14,Saturday,6,1,FY2026-27,FQ3,8
20261115,2026-11-15,2026,11,November,Nov,2026-11,Q4,2026-Q4,15,Sunday,7,1,FY2026-27,FQ3,8
20261116,2026-11-16,2026,11,November,Nov,2026-11,Q4,2026-Q4,16,Monday,1,0,FY2026-27,FQ3,8
20261117,2026-11-17,2026,11,November,Nov,2026-11,Q4,2026-Q4,17,Tuesday,2,0,FY2026-27,FQ3,8
20261118,2026-11-18,2026,11,November,Nov,2026-11,Q4,2026-Q4,18,Wednesday,3,0,FY2026-27,FQ3,8
20261119,2026-11-19,2026,11,November,Nov,2026-11,Q4,2026-Q4,19,Thursday,4,0,FY2026-27,FQ3,8
20261120,2026-11-20,2026,11,November,Nov,2026-11,Q4,2026-Q4,20,Friday,5,0,FY2026-27,FQ3,8
20261121,2026-11-21,2026,11,November,Nov,2026-11,Q4,2026-Q4,21,Saturday,6,1,FY2026-27,FQ3,8
20261122,2026-11-22,2026,11,November,Nov,2026-11,Q4,2026-Q4,22,Sunday,7,1,FY2026-27,FQ3,8
20261123,2026-11-23,2026,11,November,Nov,2026-11,Q4,2026-Q4,23,Monday,1,0,FY2026-27,FQ3,8
20261124,2026-11-24,2026,11,November,Nov,2026-11,Q4,2026-Q4,24,Tuesday,2,0,FY2026-27,FQ3,8
20261125,2026-11-25,2026,11,November,Nov,2026-11,Q4,2026-Q4,25,Wednesday,3,0,FY2026-27,FQ3,8
20261126,2026-11-26,2026,11,November,Nov,2026-11,Q4,2026-Q4,26,Thursday,4,0,FY2026-27,FQ3,8
20261127,2026-11-27,2026,11,November,Nov,2026-11,Q4,2026-Q4,27,Friday,5,0,FY2026-27,FQ3,8
20261128,2026-11-28,2026,11,November,Nov,2026-11,Q4,2026-Q4,28,Saturday,6,1,FY2026-27,FQ3,8
20261129,2026-11-29,2026,11,November,Nov,2026-11,Q4,2026-Q4,29,Sunday,7,1,FY2026-27,FQ3,8
20261130,2026-11-30,2026,11,November,Nov,2026-11,Q4,2026-Q4,30,Monday,1,0,FY2026-27,FQ3,8
20261201,2026-12-01,2026,12,December,Dec,2026-12,Q4,2026-Q4,1,Tuesday,2,0,FY2026-27,FQ3,9
20261202,2026-12-02,2026,12,December,Dec,2026-12,Q4,2026-Q4,2,Wednesday,3,0,FY2026-27,FQ3,9
20261203,2026-12-03,2026,12,December,Dec,2026-12,Q4,2026-Q4,3,Thursday,4,0,FY2026-27,FQ3,9
20261204,2026-12-04,2026,12,December,Dec,2026-12,Q4,2026-Q4,4,Friday,5,0,FY2026-27,FQ3,9
20261205,2026-12-05,2026,12,December,Dec,2026-12,Q4,2026-Q4,5,Saturday,6,1,FY2026-27,FQ3,9
20261206,2026-12-06,2026,12,December,Dec,2026-12,Q4,2026-Q4,6,Sunday,7,1,FY2026-27,FQ3,9
20261207,2026-12-07,2026,12,December,Dec,2026-12,Q4,2026-Q4,7,Monday,1,0,FY2026-27,FQ3,9
20261208,2026-12-08,2026,12,December,Dec,2026-12,Q4,2026-Q4,8,Tuesday,2,0,FY2026-27,FQ3,9
20261209,2026-12-09,2026,12,December,Dec,2026-12,Q4,2026-Q4,9,Wednesday,3,0,FY2026-27,FQ3,9
20261210,2026-12-10,2026,12,December,Dec,2026-12,Q4,2026-Q4,10,Thursday,4,0,FY2026-27,FQ3,9
20261211,2026-12-11,2026,12,December,Dec,2026-12,Q4,2026-Q4,11,Friday,5,0,FY2026-27,FQ3,9
20261212,2026-12-12,2026,12,December,Dec,2026-12,Q4,2026-Q4,12,Saturday,6,1,FY2026-27,FQ3,9
20261213,2026-12-13,2026,12,December,Dec,2026-12,Q4,2026-Q4,13,Sunday,7,1,FY2026-27,FQ3,9
20261214,2026-12-14,2026,12,December,Dec,2026-12,Q4,2026-Q4,14,Monday,1,0,FY2026-27,FQ3,9
20261215,2026-12-15,2026,12,December,Dec,2026-12,Q4,2026-Q4,15,Tuesday,2,0,FY2026-27,FQ3,9
20261216,2026-12-16,2026,12,December,Dec,2026-12,Q4,2026-Q4,16,Wednesday,3,0,FY2026-27,FQ3,9
20261217,2026-12-17,2026,12,December,Dec,2026-12,Q4,2026-Q4,17,Thursday,4,0,FY2026-27,FQ3,9
20261218,2026-12-18,2026,12,December,Dec,2026-12,Q4,2026-Q4,18,Friday,5,0,FY2026-27,FQ3,9
20261219,2026-12-19,2026,12,December,Dec,2026-12,Q4,2026-Q4,19,Saturday,6,1,FY2026-27,FQ3,9
20261220,2026-12-20,2026,12,December,Dec,2026-12,Q4,2026-Q4,20,Sunday,7,1,FY2026-27,FQ3,9
20261221,2026-12-21,2026,12,December,Dec,2026-12,Q4,2026-Q4,21,Monday,1,0,FY2026-27,FQ3,9
20261222,2026-12-22,2026,12,December,Dec,2026-12,Q4,2026-Q4,22,Tuesday,2,0,FY2026-27,FQ3,9
20261223,2026-12-23,2026,12,December,Dec,2026-12,Q4,2026-Q4,23,Wednesday,3,0,FY2026-27,FQ3,9
20261224,2026-12-24,2026,12,December,Dec,2026-12,Q4,2026-Q4,24,Thursday,4,0,FY2026-27,FQ3,9
20261225,2026-12-25,2026,12,December,Dec,2026-12,Q4,2026-Q4,25,Friday,5,0,FY2026-27,FQ3,9
20261226,2026-12-26,2026,12,December,Dec,2026-12,Q4,2026-Q4,26,Saturday,6,1,FY2026-27,FQ3,9
20261227,2026-12-27,2026,12,December,Dec,2026-12,Q4,2026-Q4,27,Sunday,7,1,FY2026-27,FQ3,9
20261228,2026-12-28,2026,12,December,Dec,2026-12,Q4,2026-Q4,28,Monday,1,0,FY2026-27,FQ3,9
20261229,2026-12-29,2026,12,December,Dec,2026-12,Q4,2026-Q4,29,Tuesday,2,0,FY2026-27,FQ3,9
20261230,2026-12-30,2026,12,December,Dec,2026-12,Q4,2026-Q4,30,Wednesday,3,0,FY2026-27,FQ3,9
20261231,2026-12-31,2026,12,December,Dec,2026-12,Q4,2026-Q4,31,Thursday,4,0,FY2026-27,FQ3,9
