product_key,product_name,product_category
1,Allen Solly Men Classic Slim Shirt,Fashion
2,Atomic Habits by James Clear,Books & Stationery
3,Bajaj New Shakti Neo 15L Storage Water Geyser,Home & Kitchen
4,Biba Women Printed Anarkali Suit Set,Fashion
5,Biotique Morning Nectar Flawless Skin Lotion,Beauty & Personal Care
6,Boat Rockerz 550 Wireless Headphones,Electronics
7,Boldfit Adjustable PVC Dumbbell Set 10kg,Sports & Fitness
8,Cadbury Celebrations Assorted Rich Chocolate Box,Grocery & Gourmet
9,Camlin Artist 24 Water Colour Tubes,Books & Stationery
10,Classmate Pulse 6-Subject Spiral Notebooks (Pack of 4),Books & Stationery
11,Cosco Light Tennis Cricket Ball (Pack of 6),Sports & Fitness
12,Cultsport Smart Magnetic Spin Exercise Bike,Sports & Fitness
13,Decathlon Domyos Training Resistance Band 15kg,Sports & Fitness
14,Disano Extra Virgin Cold Pressed Olive Oil 1L,Grocery & Gourmet
15,FabIndia Men Handloom Cotton Kurta,Fashion
16,Forest Essentials Soundarya Radiance Cream,Beauty & Personal Care
17,Fortune Sunlite Refined Sunflower Oil 5L Can,Grocery & Gourmet
18,HP 15s Ryzen 5 16GB/512GB SSD Laptop,Electronics
19,Hawkins Contura Hard Anodised Pressure Cooker 3L,Home & Kitchen
20,Ikigai: Japanese Secret to Long and Happy Life,Books & Stationery
21,India Gate Super Basmati Rice Aged 5kg,Grocery & Gourmet
22,Indian Polity 6th Edition by M. Laxmikanth,Books & Stationery
23,Levi's Men 511 Slim Fit Jeans,Fashion
24,Mamaearth Onion Hair Fall Control Oil 250ml,Beauty & Personal Care
25,Manyavar Silk Blend Nehru Jacket,Fashion
26,Mi Smart Air Purifier 4,Electronics
27,Milton Thermosteel Flip Lid Hot/Cold Flask 1L,Home & Kitchen
28,Minimalist 10% Niacinamide Face Serum,Beauty & Personal Care
29,Nivia Storm Football Size 5 Rubber,Sports & Fitness
30,Noise ColorFit Pulse 2 Max Smartwatch,Electronics
31,Nutraj Special California Raw Whole Almonds 500g,Grocery & Gourmet
32,OnePlus Nord CE 5G (128GB),Electronics
33,Organic India Tulsi Green Tea Bags (Pack of 100),Grocery & Gourmet
34,Parker Vector Standard CT Rollerball Pen,Books & Stationery
35,Pigeon Non-Stick Kitchen Induction Cookware Set,Home & Kitchen
36,Plum Green Tea Pore Cleansing Face Wash,Beauty & Personal Care
37,Prestige Iris 750W Mixer Grinder (3 Jars),Home & Kitchen
38,Puma Smashic Unisex White Sneakers,Fashion
39,Realme 20000mAh Power Bank (18W),Electronics
40,Samsung 43-inch Crystal 4K Neo TV,Electronics
41,SanDisk Ultra 128GB MicroSD Card,Electronics
42,Solimo Microfibre Double Comforter Blanket,Home & Kitchen
43,Strauss TPE Anti-Skid Yoga Mat 6mm with Bag,Sports & Fitness
44,Tata Tea Gold Premium Black Tea 1kg,Grocery & Gourmet
45,The Derma Co 1% Hyaluronic Sunscreen Aqua Gel,Beauty & Personal Care
46,The Psychology of Money by Morgan Housel,Books & Stationery
47,W for Woman Floral Rayon Kurti,Fashion
48,WOW Skin Science Apple Cider Vinegar Shampoo,Beauty & Personal Care
49,Wakefit Memory Foam Sleeping Pillow (Pack of 2),Home & Kitchen
50,Yonex Nanoray 7000I G4 Graphite Badminton Racquet,Sports & Fitness
51,Zaveri Pearls Gold-Plated Choker Set,Fashion
52,mCaffeine Naked & Raw Coffee Body Scrub,Beauty & Personal Care
